"gene.name","SRR3396385.A","SRR3396386.A","SRR3396387.A","SRR3396381.B","SRR3396382.B","SRR3396384.B","A.average","B.average","A.B.average","log2FC","logCPM","pval"
"UGA3",53.7758810359049,53.1301489453919,63.9056131548268,234.751178378124,214.07660235206,245.225604429464,56.9372143787079,231.351128386549,144.144171382629,2.02262862741369,7.17167246610942,2.63571303281952e-70
"TOD6",38.304295590329,41.6348644258614,21.1874985895869,17.3553417928379,10.340801963563,19.7775987306718,33.7088862019257,15.8245808290242,24.766733515475,-1.09080363741145,4.63751365941425,5.93897935358942e-05
"BMT5",25.5655827875614,24.7778217558785,18.7856768871236,11.502959095253,6.77652554207961,9.6810514795095,23.0430271435211,9.32017870561404,16.1816029245676,-1.30728846497961,4.02644537164958,1.39528248101751e-08
"LYS12",426.72483959721,422.522790007619,426.108903820942,833.460018656052,894.369361316676,1067.69948441612,425.118844475257,931.842954796282,678.480899635769,1.13226500146347,9.40630770865183,6.64136649703578e-21
"YGL041C",0.0440785910130368,0.0406193799276696,1.24380052448992,0.0504515749791799,0.176013650443626,0.0415495771652768,0.442832831810208,0.089338267529361,0.266085549669784,-2.23351072570597,-1.48694377827544,0.0437482375175243
"RMT2",73.4790112187324,75.4708079056102,50.7813731377952,36.0224245351344,20.6816039271261,35.8988346707992,66.5770640873793,30.8676210443532,48.7223425658662,-1.10917757836101,5.61002793217359,8.90237244706552e-08
"ARG3",9.78544720489418,13.648111655697,8.70660367142942,103.728438157194,92.7151903711801,114.967680016321,10.7133875106735,103.803769514898,57.2585785127859,3.27416603549732,5.83990969614982,1.44910690819684e-82
"NIT1",26.9760976999785,28.3117078095857,32.6390413495458,51.2588001788468,67.6332451829634,64.1109975660221,29.3089489530367,61.0010143092774,45.154981631157,1.05794586275495,5.49912824143953,4.78246145492614e-13
"YIL165C",20.5406234120752,15.8009387918635,21.6592849954279,35.9719729601553,45.8075525279537,44.6242458755073,19.3336157331222,42.1345904545388,30.7341030938305,1.12477623075616,4.94491674471013,2.33032016434083e-10
"PAU12",1.6749864584954,0.731148838698053,1.32957987100646,3.43070709858423,1.76013650443626,2.45142505275133,1.24523838939997,2.54742288525728,1.89633063732862,1.02947056177589,0.967260117771521,0.00588566375434076
"YDL183C",20.4524662300491,16.9382814298382,16.2551861648855,43.186548182178,38.3709757967105,41.9650729369296,17.8819779415909,41.1741989719394,29.5280884567651,1.20321862482316,4.88632240921416,9.62813200318201e-14
"NSA2",150.440231127495,118.52735062894,85.6506774967712,52.8227990032013,48.3157470467754,71.5068223014414,118.206086417735,57.5484561171394,87.8772712674373,-1.03792257930031,6.45943990211697,8.55651329626359e-09
"RPF1",62.5034420564862,64.3410978054287,43.4472390106306,26.5879800140278,21.8696960676206,36.3974295967825,56.7639262908485,28.2850352261436,42.5244807584961,-1.0041925086939,5.41456046517258,3.82562077881478e-07
"tD(GUC)G2",0.264471546078221,0.121858139783009,0.214448366291365,0.403612599833439,0.396030713498159,0.747892388974982,0.200259350717532,0.515845234102194,0.358052292409863,1.36732684839743,-1.16938521403923,0.0184466561512589
"GSC2",317.674405430956,358.628505381395,315.753774527406,180.919347875339,135.266490365927,134.786828324158,330.685561779919,150.324222188475,240.504891984197,-1.13779850753761,7.91061822226985,2.68450647331786e-18
"MHT1",22.2156098705706,25.5902093544319,20.11525675813,10.3425728707319,9.72475418701035,11.4261337204511,22.6403586610442,10.4978202593978,16.569089460221,-1.10813219419156,4.06110842767697,2.0397737311221e-09
"UTP11",71.1869244860545,63.1225164075986,40.1018444964853,27.7483662385489,23.1897984459478,34.8600952416672,58.1370951300461,28.599419975388,43.368257552717,-1.02290592501676,5.44263143009929,6.16045901370602e-07
"REX4",20.0998375019448,25.2246349350828,16.6840828974682,11.2507012203571,7.65659379429774,10.5535925999803,20.6695184448319,9.82029587154505,15.2449071581885,-1.07457241264188,3.94140047471856,2.14733159899431e-06
"YOL079W",3.96707319117331,4.95556435117569,4.11740863279421,0.958579924604418,1.71613309182536,3.07466871023048,4.34668205838107,1.91646057555342,3.13157131696725,-1.16816909595845,1.70326074541333,0.00128688388108749
"CPA1",224.844892757501,220.928807426595,206.985563144426,908.986026399884,832.192539297465,792.018039924506,217.586421109507,844.398868540618,530.992644825063,1.95626834083986,9.05259785193021,1.16200968769748e-65
"YMR084W",4.45193769231672,4.38689303218832,6.9910167410985,9.58579924604418,12.4969691814975,9.8472497881706,5.27661582186785,10.6433394052374,7.95997761355263,1.01234939149016,3.00504978513319,7.87534506756867e-05
"SUP2",0,0,0,0,0.176013650443626,0.12464873149583,0,0.100220793979819,0.0501103969899094,4.32698519766026,-2.85291361405034,0.0211506249183798
"tS(AGA)D3",0.176314364052147,0.243716279566018,0,0,0,0,0.140010214539388,0,0.0700051072696942,-4.74582023192618,-2.64232890638438,0.00380520241068279
"ARO3",279.722738568732,267.519236203632,351.180644638739,1056.00191588921,1000.94562666029,1064.58326612872,299.474206470368,1040.51026955941,669.992238014888,1.79679077116989,9.38806974849077,7.13551485440523e-45
"ARG1",88.7302037092431,96.4304079482877,123.093362251244,929.318011116494,813.887119651328,1082.0756381153,102.751324636258,941.760256294375,522.255790465317,3.19614320480685,9.02866510453361,2.89126184274321e-93
"MET28",4.80456642042101,12.5513883976499,9.82173517614452,18.5661795923382,21.0336312280133,15.9965872086316,9.05922999807182,18.5321326763277,13.7956813371998,1.03078423377608,3.79294303341926,0.000544393323768694
"YHL041W",0.13223577303911,0.0812387598553393,0,0.454064174812619,0.13201023783272,0.415495771652768,0.0711581776314832,0.333856728099369,0.202507452865426,2.14256250241457,-1.81289712287336,0.00435876098299115
"GRX4",48.6627644783927,46.6310481569647,40.9596379616507,130.114611871305,142.967087572835,128.720590058028,45.4178168656694,133.934096500723,89.675956683196,1.5601567402172,6.48733098765163,1.61521810900165e-53
"TMT1",70.569824211872,70.1496691350854,90.2398725354064,365.673015449096,451.607023625734,388.82094311266,76.9864552941213,402.033660729163,239.510058011642,2.3846619848483,7.90413158797917,8.66480894985237e-71
"ASN1",1119.68436891316,1104.56279837312,1326.44892485861,3396.04686657354,3305.05231779258,3540.35637109891,1183.5653640483,3413.81851848834,2298.69194126832,1.52824783712357,11.1666234210304,3.07734305858096e-36
"snR3",3.12957996192561,2.92459535479221,4.80364340492658,1.16038622452114,0.792061426996318,1.32958646928886,3.6192729072148,1.0940113736021,2.35664214040845,-1.71965282705722,1.30067197714699,2.06288203253294e-07
"STR2",92.5209625363643,79.9389396976538,95.2150746333661,183.895990799111,210.336312280133,202.512639103559,89.2249922891281,198.914980727601,144.069986508365,1.15691232789165,7.17120147266952,5.15914587820337e-26
"EFM3",10.8874119802201,13.6074922757693,9.6930661563697,3.58206182352177,2.24417404315623,4.61200306534572,11.395990137453,3.47941297734124,7.43770155739714,-1.70900792807681,2.92013569652705,1.67194404047178e-09
"ICY1",78.1954204571273,78.5985001600407,89.8538654760819,218.051707060015,217.4648651231,213.980322401176,82.21592869775,216.49896486143,149.35744677959,1.39682039116764,7.22304129484556,2.3460160555519e-41
"GGC1",158.06582737275,152.68824914811,191.330832405156,460.622879559912,441.970276263945,443.500186662165,167.361636308672,448.697780828674,308.029708568673,1.42276297270169,8.26710918576055,3.60314071253459e-34
"tQ(UUG)D1",0,0,0,0.20180629991672,0.13201023783272,0.0830991543305536,0,0.138971897359998,0.0694859486799988,4.6926446050574,-2.70657372353439,0.00601890257238451
"VHT1",98.6478866871764,105.772865331652,108.811101056239,215.630031461015,228.817745576714,221.542345445256,104.410617691689,221.996707494328,163.203662593009,1.08822465578649,7.35102874743945,8.46027746804226e-27
"FAL1",22.0392955065184,24.8590605157338,17.2416486498257,10.5443791706486,7.78860403213046,11.0937371031289,21.3800015573593,9.80890676863599,15.5944541629977,-1.12411428897642,3.974075525466,2.17984904254152e-07
"YOL118C",7.40520329019019,6.53972016835481,5.27542981076758,15.9426976934208,19.5375151992425,15.4148931283177,6.40678442310419,16.965035340327,11.6859098817156,1.40457236825758,3.55342689714772,6.14362196951765e-11
"YIL175W",0.484864501143405,0.284335659493687,0.471786405841003,1.21083779950032,0.572044363941785,0.91409069763609,0.413662188826032,0.898990953692731,0.656326571259381,1.10579758114661,-0.451326893045822,0.0110150570674787
"SOL4",100.058401599594,85.0569815685402,109.883342887695,202.41171881647,221.82120297158,193.371732127198,98.3329086852764,205.868217971749,152.100563328513,1.06608539410251,7.24936213137287,1.20537670519292e-19
"YJR111C",36.2326018127163,29.9364830066925,33.2823864484199,81.9838093411673,71.109514779225,80.7723780092981,33.1504904226096,77.9552340432301,55.5528622329198,1.23375607723112,5.79694404479554,1.18677005460327e-22
"DAL3",38.2161384083029,29.6115279672712,35.2982010915587,95.2525735606916,130.778142279614,157.140500839077,34.3752891557109,127.723738893128,81.0495140244193,1.8942598807479,6.34197783512557,1.15022491650686e-32
"UTP23",58.624526047339,62.1882706692622,40.3162928627766,25.3266906395483,18.9214674226898,30.9544349881312,53.7096965264593,25.0675310167898,39.3886137716245,-1.09894098091431,5.30435777454247,6.35589762260272e-08
"NIP7",108.521491074097,114.099838216824,81.7477172302684,49.7452529294714,39.7790850002595,62.6152127880721,101.456348840396,50.713183572601,76.0847662064987,-1.00004646365071,6.25193592439815,6.34185496325949e-10
"ENA5",692.386507632782,697.353514598232,923.629113616909,2251.95650077067,2218.69606725452,2125.01157454092,771.123045282641,2198.5547141887,1484.83887973567,1.51151640934653,10.5361254215348,1.29160916995793e-29
"MRD1",81.5894719651312,92.1247536759547,59.230638769675,38.5450032840934,25.1699520134386,43.4608577148795,77.6482881369203,35.7252710041372,56.6867795705287,-1.1199596465809,5.82817094087955,1.50753890184031e-08
"LEU9",149.073794806091,179.131465481023,161.007833411557,411.028981355379,357.835751351892,383.627245967001,163.07103123289,384.163992891424,273.617512062157,1.23602619724269,8.09624563708029,1.86548300655681e-27
"RGS2",17.8077507692669,11.7390007990965,13.982033482197,31.5322343619874,27.766153357482,30.7466871023048,14.5095950168535,30.0150249405914,22.2623099787224,1.04913971869903,4.47974955431045,1.85293408030769e-08
"TRP5",304.098199398941,327.960873536005,384.034134354577,773.775805455682,755.890621830153,771.450999227694,338.697735763174,767.039142171176,552.868438967175,1.17927907314299,9.11092150174397,2.68672680023854e-23
"USV1",70.0408811197155,72.9524063500946,90.325651881923,231.219568129581,231.941987872088,182.111796715408,77.772979783911,215.091117572359,146.432048678135,1.46739052660798,7.19436614372654,3.71294362226718e-29
"CPA2",234.806654326447,253.78988578808,320.643197278849,1726.60425051247,1568.94167664187,1609.00737572534,269.746579131125,1634.8511009599,952.298840045511,2.59944568752287,9.8952853500215,1.68667507678815e-79
"NQM1",191.30108499658,141.964732847205,106.237720660742,61.2986635997036,62.7488663831527,74.2490943943497,146.501179501509,66.098874792402,106.300027146956,-1.14780721322666,6.73364998991037,1.62890517757359e-11
"YCR087W",38.8773172734985,51.1804187088637,33.9686212205522,24.8221748897565,14.6971398120428,21.6057801259439,41.3421190676381,20.3750316092477,30.8585753384429,-1.02171502517945,4.95307250134124,2.19603156234418e-06
"DAL80",3.3499729169908,2.43716279566018,1.97292496988056,10.5443791706486,11.4848906914466,20.0268961936634,2.58668689417718,14.0187220185862,8.30270445638169,2.43832837088056,3.06665860713014,3.10940087662209e-14
"YIR040C",0.13223577303911,0.365574419349027,0.300227712807911,1.46309567439622,1.10008531527266,0.747892388974982,0.266012635065349,1.10369112621462,0.684851880639985,2.00656131666383,-0.40636714310942,9.46941850348097e-06
"CIN5",32.1332928485038,38.6290303112138,54.040988305424,110.589852354362,89.942975376693,72.1716155360858,41.6011038217139,90.901481089047,66.2512924553805,1.12712625352979,6.05041858551274,2.46770654440995e-09
"ILV6",216.514039056037,223.650305881749,284.701651088416,522.779219934262,469.956446684482,494.356869112463,241.621998675401,495.697511910402,368.659755292902,1.03666811112777,8.52633475243882,1.31386269406543e-16
"LYS1",171.113090312609,154.881695664204,184.168256971024,704.102180409434,765.615376017163,834.107761592932,170.054347649279,767.941772673177,468.998060161228,2.17507303769768,8.87355766250012,1.13929457380198e-71
"RRP8",59.1975477305085,62.0257931495515,44.8625982281536,25.6294000894234,19.1854878983553,31.4114803369493,55.3619797027378,25.408789441576,40.3853845721569,-1.1230749886526,5.34029533858166,2.23664045022088e-09
"YKL031W",2.20392955065184,2.92459535479221,1.67269725707265,1.31174094945868,1.14408872788357,0.955640274801366,2.26707405417223,1.13715665071454,1.70211535244339,-1.00082129253538,0.848546884509676,0.00234857290968174
"CAR1",434.835300343608,462.004827297314,513.946954653885,1077.89789943018,1001.20964713596,1019.95902025321,470.262360764936,1033.02218893978,751.64227485236,1.13530299605491,9.55399145863799,2.84816686117817e-23
"YPL114W",0.396707319117331,0,0.643345098874095,0,0,0,0.346684139330476,0,0.173342069665238,-5.99988848117014,-1.93095775110362,3.21541617328914e-05
"ALD5",251.909147639505,274.993202110323,281.013139188205,732.405513972754,699.566253688192,753.335383583634,269.305162979345,728.435717081527,498.870440030436,1.43551882420027,8.96264972662598,6.45672322942309e-39
"MAK5",55.7594176314916,66.3720668018122,48.079323722524,29.6150745127786,17.9973957578608,30.7051375251396,56.7369360519426,26.1058692652596,41.4214026586011,-1.12016292042155,5.37661148188029,1.21554264736706e-08
"CTT1",285.3647982184,238.232663275782,264.371945963995,542.909398350955,577.368776867705,517.333785284862,262.656469152726,545.870653501174,404.26356132695,1.05541998772347,8.65932973317559,1.84807554664546e-20
"ARO4",466.35149291793,509.001449873628,506.098144447622,1110.59052001669,922.22352149938,939.560588438404,493.817029079726,990.791543318157,742.304286198942,1.00453849819562,9.53594834298977,1.47173055490191e-17
"YLR311C",3.87891600914724,3.00583411464755,2.48760104897983,6.76051104721011,7.17255625557777,4.90285010550266,3.12411705759154,6.27863913609684,4.70137809684419,1.00513933742706,2.25054776087051,0.000211465941999241
"PAU1",0.573021683169479,0.243716279566018,0.557565752357549,1.0090314995836,1.3201023783272,0.955640274801366,0.458101238364349,1.09492471757072,0.776512977967534,1.2581009964006,-0.226002157403909,0.00169547359717312
"YJL222W-B",0.264471546078221,0.162477519710679,0.386007059324457,0.908128349625238,0.396030713498159,0.457045348818045,0.270985375037786,0.587068137313814,0.4290267561758,1.08488274100906,-0.986842028508277,0.0312365297519983
"ARX1",107.022818979653,118.52735062894,82.8199590617252,48.231705680096,39.075030398485,55.9257308644626,102.790042890106,47.7441556476812,75.2670992688937,-1.10608497498637,6.23640972544316,2.67124571447448e-13
"NOP7",212.370651500811,263.741633870359,175.504542972853,109.782627154695,74.7617980259302,124.191686147012,217.205609448008,102.912037109213,160.05882327861,-1.07764440851538,7.32362948420215,1.18681966895376e-09
"SAM1",388.023836687763,428.575077616842,339.128646453165,201.352235741907,159.864398015424,182.776589950053,385.24252025259,181.331074569128,283.286797410859,-1.08731146726928,8.14673482053574,3.23470869011842e-18
"TMA10",209.59370026699,188.230206584821,215.735056489113,493.113693846504,584.937363836781,419.816927677957,204.519654446975,499.289328453747,351.904491450361,1.28762969513943,8.45920597635975,1.02623187125438e-22
"YMC2",54.8337672202178,47.3215776157351,42.6323352187234,98.8850869591926,97.5555657583798,114.385985936007,48.2625600182254,103.608879551193,75.9357197847093,1.1025407822424,6.24785163698635,2.52628197254046e-20
"SDA1",77.0493770907884,101.873404858595,65.6212000851577,43.7919670819281,27.3701226439839,47.7820137400683,81.5146606781805,39.6480344886601,60.5813475834203,-1.03991342645777,5.92383513938659,1.83013326286338e-07
"YDR183C-A",42.1832115994762,37.9385008524434,25.6909142817055,16.5985681681502,13.641057909381,18.5311114157135,35.2708755778751,16.2569124977482,25.7638940378116,-1.11692901266971,4.6939647468375,5.22448688413208e-08
"TSR2",53.1147021707094,48.6620171533482,38.2575885463795,21.3410162161931,17.0293206804208,23.5170606755467,46.678102623479,20.6291325240535,33.6536175737663,-1.17769929197187,5.07788767988132,1.35595208147308e-10
"CDA1",0.13223577303911,0.365574419349027,0.300227712807911,1.16038622452114,0.836064839607225,0.373946194487491,0.266012635065349,0.790132419538618,0.528072527301984,1.52257561387449,-0.73638309640489,0.00329241317014825
"PAU3",1.01380759329985,0.609290698915044,0.214448366291365,1.81625669925048,2.15616721793442,1.2464873149583,0.612515552835419,1.73963707738107,1.17607631510824,1.49911628692113,0.316888168577283,0.000563461852030307
"YCR102W-A",0,0,0.042889673258273,0.302709449875079,0.176013650443626,0.12464873149583,0.0142965577527577,0.201123943938179,0.107710250845468,3.36385637672429,-2.3977342593551,0.00378363751683748
"YHR139C-A",2.77695123382132,1.78725271681746,2.95938745482084,5.29741537281389,6.33649141597054,4.52890391101517,2.50786380181987,5.38760356659987,3.94773368420987,1.10354041663144,2.00364674618554,7.27840653257468e-05
"ARO9",59.3738620945606,63.6505683466583,57.9010588986686,123.606358698991,129.458039901287,134.41288212967,60.3084964466292,129.159093576649,94.7337950116393,1.09869597150497,6.56672079112135,6.54238084054825e-31
"YGL117W",56.3324393146611,51.0585605690807,60.9891153732642,299.278742776495,316.428540085029,303.14571499786,56.1267050856687,306.284332619795,181.205518852732,2.44822742743513,7.50166574874341,7.32005440644168e-105
"YLR152C",53.7318024448919,54.958021042137,56.4428100078873,109.227659829924,119.337255000779,101.962662363589,55.0442111649721,110.175859064764,82.6100351148681,1.00095543449194,6.3691958492486,4.05963478329749e-25
"FMP23",13.3558130769502,14.5823573940334,22.8173061734012,63.4680813238083,69.9214226387305,67.5180628935748,16.9184922147949,66.9691889520379,41.9438405834164,1.98473693252012,5.39174240522682,1.09602695679596e-26
"GIP1",11.1959621173114,11.6983814191689,11.7088807995085,33.9034583860089,36.4788290544415,30.3727409078173,11.5344081119962,33.5850094494226,22.5597087807094,1.5410446897946,4.49835186998611,6.87478939824876e-21
"YDR169C-A",0.573021683169479,0.568671318987375,0.772014118648914,1.61445039933376,1.84814332965808,0.91409069763609,0.637902373601923,1.45889480887597,1.04839859123895,1.1810981777574,0.163844984202517,0.00176194347735975
"MRT4",155.024404592851,152.607010388255,110.398018966795,69.3204640213932,54.4322213996914,71.8392189187636,139.3431446493,65.1973014466161,102.270223047958,-1.09579486098815,6.67795896608729,6.50306111892423e-15
"YOR381W-A",0.440785910130368,0.446813179204366,0.257338039549638,1.21083779950032,1.67212967921445,0.706342811809706,0.381645709628124,1.19643676350816,0.789041236568141,1.62861639394201,-0.211973790556137,0.000185766211202952
"YHI9",84.5868161540177,73.9678908482864,92.4701355448366,268.301475739279,299.97126376855,282.246277683725,83.6749475157136,283.506339063851,183.590643289782,1.76067767303866,7.5206610239115,7.59333183988202e-52
"YHR028W-A",0.96972900228681,1.13734263797475,1.32957987100646,2.77483662385489,2.86022181970893,2.36832589842078,1.14555050375601,2.66779478066153,1.90667264220877,1.21293864484888,0.983612464543012,4.098849392259e-05
"ORT1",56.5969108607393,48.8244946730589,56.0568029485628,134.957963069306,149.171568750973,135.368522404472,53.8260694941203,139.832684741584,96.829377117852,1.37763117368314,6.59806171487247,5.33171027969554e-42
"PKP2",44.3871411501281,40.2944248882483,46.4924058119679,141.920280416433,148.863544862697,132.252304117076,43.7246572834481,141.012043132069,92.3683502077584,1.6893760741019,6.52985026095339,8.49753696738939e-66
"BAP2",283.072711485722,279.05514010309,279.125993564841,601.332322176845,640.601680789578,589.13145462646,280.417948384551,610.355152530961,445.386550457756,1.12206086679078,8.79908104328763,3.25064077324591e-26
"YOR302W",10.1380759329985,9.46431552314702,8.66371399817115,47.2226741805124,43.5633784847975,42.3805687085823,9.42203515143888,44.3888737912974,26.9054544713681,2.23528054818534,4.75100454612449,4.34071045691296e-44
"YOR394C-A",0.264471546078221,0.284335659493687,0.42889673258273,1.05948307456278,0.396030713498159,0.747892388974982,0.325901312718213,0.73446872567864,0.530185019198426,1.14582851687432,-0.720883167676509,0.0158741272198818
"PFS1",0.8374932292477,1.05610387811941,0.557565752357549,0.252257874895899,0.572044363941785,0.290847040156938,0.817054286574886,0.371716426331541,0.594385356453214,-1.11852692673959,-0.534432820302493,0.0157440296368305
"tR(ACG)L",0.0440785910130368,0.243716279566018,0,0,0,0,0.0959316235263515,0,0.0479658117631758,-4.248103706495,-2.85396460721645,0.0226815255477433
"RIB5",267.336654494068,193.99815853455,220.152692834715,473.134870154749,619.920076862452,531.751488561213,227.162501954445,541.602145192804,384.382323573624,1.25362070218113,8.58661068629739,5.11865492323028e-19
"HIS7",162.297372110002,176.247489506159,175.204315260045,372.938042246098,345.030758282118,356.869318272562,171.249725625402,358.279372933593,264.764549279497,1.06486458058718,8.04883919935886,1.71715771903414e-24
"YMR306C-A",1.14604336633896,0.284335659493687,0.814903791907187,0.353161024854259,0.396030713498159,0.290847040156938,0.748427605913277,0.346679592836452,0.547553599374865,-1.09258505871004,-0.656850088360932,0.0367689479245214
"FAF1",34.0727508530775,42.9346845835468,24.189775717666,16.0436008433792,10.7808360896721,19.1543550731926,33.7324037180967,15.3262640020813,24.529333860089,-1.13782649272217,4.62407244639928,2.94087960790914e-06
"FIG1",0.484864501143405,0.731148838698053,0.814903791907187,0.20180629991672,0.13201023783272,0,0.676972377249549,0.111272179249813,0.394122278249681,-2.61832973387959,-1.03698338898592,1.25502190788076e-05
"NUG1",105.259675339132,137.780936714655,92.7703632576445,53.8822820777641,38.4589826219323,55.2193880526529,111.936991770477,49.1868842507831,80.5619380106302,-1.18657410988189,6.33436975857505,3.79994084864148e-14
"tN(GUU)O2",0,0.0406193799276696,0,0,0.308023888276346,0.0830991543305536,0.0135397933092232,0.130374347535633,0.0719570704224282,2.83093079149463,-2.64138094359786,0.0350356592773115
"FIT3",159.917128195298,199.644252344496,232.547808406356,379.345392268454,589.777739223981,367.256712563882,197.369729648717,445.459948018772,321.414838833744,1.17437085142477,8.32856321275363,7.01025374225998e-11
"FIT2",159.917128195298,180.878098817913,221.52516237898,622.824693117976,1024.22343193146,516.29504585573,187.440129797397,721.114390301722,454.277260049559,1.94376308148345,8.82753809712998,3.41558937215945e-20
"NOG2",163.57565124938,150.77913829151,105.337037522319,65.637499047913,60.9887298787165,82.6421089817356,139.897275687736,69.7561126361217,104.826694161929,-1.00358082722606,6.71357979817803,1.00756149789787e-10
"snR191",2.60063686976917,2.2746852759495,3.1738358211122,0.554967324770979,0.968075077439944,0.581694080313875,2.68305265561029,0.701578827508266,1.69231574155928,-1.92081216137469,0.846199479365103,9.42323341645156e-09
"HOM3",211.885786999668,212.073782602363,231.775794287707,709.550950507186,673.340219772092,673.144699654649,218.578454629913,685.345289977976,451.961872303944,1.64864011752647,8.82016094025857,1.16603017539344e-51
"tE(UUC)J",0.308550137091258,0.121858139783009,0.128669019774819,0.554967324770979,0.440034126109066,0.457045348818045,0.186359098883029,0.484015599899363,0.335187349391196,1.35839739495163,-1.26476834028245,0.0170864092154225
"YMR082C",0,0.0406193799276696,0,0.302709449875079,0.0880068252218131,0.12464873149583,0.0135397933092232,0.171788335530908,0.0926640644200654,3.1345800253709,-2.5134573851497,0.0110745866115625
"PLM2",29.6648917517738,31.9268326231483,32.2530342902213,76.4341360934575,66.7531769307452,66.7701705045998,31.2815862217145,69.9858278429342,50.6337070323243,1.16096094193625,5.66324074775999,3.2523970319197e-22
"YDL022C-A",0.13223577303911,0.284335659493687,0.128669019774819,0.655870474729339,0.660051189163598,0.91409069763609,0.181746817435872,0.743337453843009,0.462542135639441,1.99289038116035,-0.870497758426272,5.53867084158963e-05
"DUR3",46.3706777457147,45.4124667591346,64.8062962932505,204.782942840491,200.743568330956,278.673014047512,52.1964802660333,228.066508406319,140.131494336176,2.12754718766608,7.13114335837171,7.5901198135966e-40
"YBL008W-A",0.705257456208589,0.934245738336401,0.514676079099276,0.302709449875079,0.220017063054533,0.290847040156938,0.718059757881422,0.271191184362183,0.494625471121803,-1.39521693777317,-0.763806234556473,0.00443981575430293
"HIS1",599.689230732366,619.323685757179,641.329284230956,1375.4108370824,1309.14552858708,1301.83135174245,620.114066906834,1328.79590580398,974.454986355406,1.0994918476552,9.92852258945419,5.09068627496392e-24
"CAN1",244.812494486407,225.396939218639,273.507446368007,731.043321448317,735.86906909219,890.989132732196,247.905626691017,785.967174424234,516.936400557626,1.66473367081637,9.01398113977035,1.42164834302457e-39
"GAT1",112.268171310205,104.473045173966,133.000876773905,345.189676007549,343.006601302017,398.709742477996,116.580697752692,362.302006595854,239.441352174273,1.6359642686512,7.90380884163783,2.25851883001983e-40
"PCK1",23.5820461919747,22.2188008204353,15.6118410660114,55.8498935019521,40.5711464272558,65.6483319211374,20.4708960261405,54.0231239501151,37.2470099881278,1.39984766851655,5.22107151217602,1.29662676448967e-11
"MRS4",60.2995125058344,59.7104884936743,74.6709211426533,135.714736693994,150.227650653635,129.011437098184,64.893640714054,138.317941481938,101.605791097996,1.09183662188632,6.66757630197707,2.75217351092236e-22
"YNL103W-A",3.52628728104295,3.41202791392425,4.2889673258273,11.3011527953363,11.9689282301666,11.0521875259636,3.7424275069315,11.4407561838222,7.59159184537683,1.61117775493604,2.93436930861161,1.35953654336468e-13
"LEU4",273.59581441792,275.033821490251,293.665592799395,830.48337573228,784.800863915518,736.092309060044,280.765076235855,783.792182902614,532.278629569235,1.48105444788593,9.05612571968481,1.87642671655091e-40
"SPR2",0.308550137091258,0.365574419349027,0.557565752357549,1.10993464954196,0.880068252218131,1.28803689212358,0.410563436265944,1.09267993129456,0.751621683780251,1.40192810578811,-0.264782098009363,0.000454291583997567
"MEI5",0.661178865195552,0.934245738336401,0.943572811682006,0.554967324770979,0.396030713498159,0.249297462991661,0.846332471737987,0.400098500420266,0.623215486079126,-1.09823434701066,-0.487099909441503,0.0109957983508123
"PUT4",60.0350409597562,46.6716675368924,69.0094842725613,199.687333767594,224.065377014736,285.279396816791,58.5720642564033,236.344035866374,147.458050061388,2.01292339078154,7.20470005372104,3.77995706863372e-37
"YLR156W",2.60063686976917,3.49326667377959,3.25961516762875,6.76051104721011,6.16047776552692,5.94158953463458,3.1178395703925,6.28752611579054,4.70268284309152,1.0076631229938,2.25331246900344,1.66976903979235e-05
"RDN5-1",3.43813009901687,1.90911085660047,6.5192303352575,1.21083779950032,2.0241569801017,2.16057801259439,3.95549043029161,1.79852426406547,2.87700734717854,-1.12864394625567,1.57598460472598,0.00827576152450329
"BDF2",276.94578733491,279.908147081571,271.362962705093,132.031771720514,121.141394917826,140.39602124147,276.072299040525,131.18972929327,203.631014166897,-1.07330589416325,7.67068399147619,4.21065681351431e-24
"snR35",2.60063686976917,1.46229767739611,3.55984288043666,7.97134884671042,9.24071664829038,6.35708530628735,2.54092580920065,7.85638360042938,5.19865470481501,1.62831693436116,2.39124048960663,5.14341675200815e-07
"ODC2",166.220366710162,154.434882485,191.545280771447,441.148571617949,462.299852890184,467.141896069207,170.73350998887,456.863440192447,313.798475090658,1.4200765902678,8.29391001152588,3.35803731771909e-35
"ROK1",48.3982929323144,63.44747144702,47.43597862365,28.606043013195,17.6893718695844,28.5861090897104,53.0939143343281,24.96050799083,39.027211162579,-1.08932371149928,5.29097789567147,2.53452086784528e-08
"ILV3",375.461438249048,429.346845835468,412.126870338745,889.663073182858,752.898389772611,812.252684003996,405.64505147442,818.271382319822,611.958216897121,1.0122884057939,9.25740106235113,2.92033295605187e-18
"YOR366W",0.8374932292477,0.284335659493687,0.343117386066184,1.10993464954196,0.968075077439944,1.20493773779303,0.488315424935857,1.09431582159164,0.79131562326375,1.16811947270404,-0.201589003450328,0.00490043628014082
"BSC5",21.9511383244923,23.234285318627,26.07692134103,51.9651222285553,54.8722555258005,51.7292235707696,23.7541149947165,52.8555337750418,38.3048243848791,1.15367682132935,5.26150539961077,1.82756756388311e-15
"TPO1",63.6494854228252,57.5170419775802,74.3706934298454,126.078485872971,161.536527694638,137.113604645413,65.1790736100836,141.576206071007,103.377639840545,1.1194040190459,6.69262410479781,4.36985302081649e-20
"STR3",13.2676558949241,11.0890907202538,12.094887858833,38.1918422592392,45.191504751401,37.5608177574102,12.1505448246703,40.3147215893501,26.2326332070102,1.73055693862208,4.71561194637499,8.619816337227e-26
"YIL100C-A",1.3223577303911,1.25920077775776,0.814903791907187,3.07754607372997,1.10008531527266,2.74227209290827,1.13215410001868,2.3066344939703,1.71939429699449,1.01971329831359,0.838073027225672,0.0113932452284561
"AGP1",698.866060511699,602.872836886473,799.120392148143,1582.86771339679,1607.18064220075,2008.25726270649,700.286429848771,1732.76853943468,1216.52748464172,1.30709049416069,10.2486237374179,7.17885695184725e-21
"YEL067C",16.3972358568497,18.684914766728,23.0746442129509,46.1127395309704,35.9947915157216,47.0756709282586,19.3855982788429,43.0610673249835,31.2233328019132,1.15096042142343,4.96693245796233,2.23801604008332e-10
"YOR186W",3.48220869002991,1.90911085660047,3.77429124672802,9.48489609608582,7.48058014385411,7.76977092990676,3.05520359778614,8.2450823899489,5.65014299386752,1.43206503145784,2.50937368044608,4.60637398902224e-07
"PCL5",229.296830449818,223.406589602183,255.236445559983,648.050480607566,647.818240457766,623.908450713796,235.979955203994,639.925723926376,437.952839565185,1.43922723742555,8.77476279679362,3.35625037032837e-39
"SIP4",7.09665315309893,6.33662326871646,8.40637595862151,21.4923709411306,19.1854878983553,19.2790038046884,7.2798841268123,19.9856208813914,13.6327525041019,1.45635419436536,3.77343593300026,1.06774241378223e-13
"ARO8",441.491167586577,473.337634297134,520.380405642626,1105.34355621885,1042.57285499021,1093.00317690977,478.403069175446,1080.30652937294,779.354799274195,1.17511962588599,9.60622598467942,5.68234583398937e-25
"HSP78",312.252738736353,309.39781690906,364.304884655771,714.747462730041,744.449734551317,654.114993312953,328.651813433728,704.43739686477,516.544605149249,1.09989072116961,9.01288134000811,4.59473072546259e-21
"LDS1",0,0,0,0,0,0.332396617322214,0,0.110798872440738,0.0553994362203691,4.48366612169964,-2.7798432598828,0.0166581016667095
"NAT4",6.25915992385123,7.47396590669121,5.53276785031722,2.87573977381325,2.06816039271261,1.86973097243746,6.42196456028655,2.27121037965444,4.3465874699705,-1.50593863719773,2.1560342143109,1.71273858925075e-08
"PPM2",9.34466129476381,8.57068916473829,6.73367870154886,4.28838387323029,2.6842081692653,4.52890391101517,8.21634305368365,3.83383198450359,6.02508751909362,-1.09922843589586,2.61661145083271,3.39288580387705e-05
"HXT1",388.685015552959,432.961970649031,310.306786023605,121.033328375053,118.677203811615,115.5909236738,377.317924075198,118.433818620156,247.875871347677,-1.67175876395479,7.95429867376361,1.02762031817458e-38
"AHT1",1.10196477532592,0.974865118264071,1.62980758381437,0.504515749791799,0.484037538719972,0.581694080313875,1.23554582580146,0.523415789608549,0.879480807705002,-1.22514668964119,-0.037510809450905,0.00116030361189849
"EFG1",112.312249901218,71.6119668124816,40.5736309023263,25.2762390645691,26.0500202656567,30.7882366794701,74.8326158720085,27.3714986698986,51.1020572709536,-1.45042271710039,5.67878883278372,2.98247275550121e-08
"ADH5",96.3557999544985,89.5657327405115,106.752396739842,345.240127582528,367.384491888459,344.944589626128,97.5579764782838,352.523069699038,225.040523088661,1.85343804935064,7.8142561960971,9.26620707262317e-62
"RTC2",33.4115719878819,23.5186209781207,33.4539451414529,177.942704951567,241.006690869935,229.727612146815,30.1280460358185,216.225669322773,123.176857679296,2.84392316874277,6.94505124219829,1.02657080141983e-72
"YSW1",8.55124665652914,8.85502482423198,9.90751452266107,38.0909391092808,38.4589826219323,40.3861890046491,9.10459533447406,38.9787035786207,24.0416494565474,2.09750834189794,4.58975832580168,7.71973604786865e-38
"YKL096C-B",1.01380759329985,0.406193799276696,0.300227712807911,1.31174094945868,2.0241569801017,1.45423520078469,0.573409701794818,1.59671104344836,1.08506037262159,1.48013735662149,0.217103453096807,0.000460421340260599
"YKL097C",0.308550137091258,0.243716279566018,0.85779346516546,0.908128349625238,1.01207849005085,1.45423520078469,0.470019960607579,1.12481401348693,0.797416987047252,1.26054705983282,-0.180514712863737,0.00531453008329733
"YOL085C",1.23420054836503,1.3404395376131,1.37246954426474,2.62348189891735,4.18032419803612,2.49297462991661,1.31570321008096,3.09892690895669,2.20731505951882,1.23316442777915,1.19057959033481,9.29652482036257e-05
"SPO21",9.91768297793329,9.91112870235139,8.5779346516546,19.7265658168593,23.4538189216132,20.4423919653162,9.46891544397976,21.2075922345962,15.338253839288,1.16310447608653,3.94487105295689,2.25526596624658e-10
"YOL085W-A",1.85130082254755,1.46229767739611,1.62980758381437,3.43070709858423,4.0043105475925,4.03030898503185,1.64780202791934,3.82177554373619,2.73478878582777,1.21534125105227,1.49021269583977,4.12000189200472e-06
"YER181C",0.264471546078221,0.0406193799276696,0.214448366291365,0.554967324770979,0.880068252218131,0.0830991543305536,0.173179764099085,0.506044910439888,0.339612337269487,1.52315838386538,-1.26282740517758,0.0399036945949263
"OPT2",24.9044039223658,21.3657938419542,24.3613344106991,69.5727218962891,62.2208254318219,67.8089099337317,23.5438440583397,66.5341524206142,45.038998239477,1.49882591313571,5.49434041438755,2.29129934012387e-30
"snR54",0.881571820260737,1.13734263797475,0.814903791907187,0.15135472493754,0.220017063054533,0.457045348818045,0.944606083380891,0.276139045603372,0.610372564492132,-1.72254673514163,-0.491737874928488,0.000100506399408641
"IMD4",262.664323846686,299.689785106347,225.342343298966,133.797576844785,102.175924082525,134.246683821009,262.565484084,123.40672824944,192.98610616672,-1.08936229937386,7.59328390937143,1.80012270391777e-15
"SDT1",101.116287783906,96.267930428577,101.048070196491,303.567126649725,302.567465112593,334.432546603313,99.4774294696582,313.522379455211,206.499904462434,1.65620386076533,7.69030157143825,6.99411570759408e-55
"FSH1",123.860840746633,122.101856062575,111.041364065669,52.2678316784304,48.8877914107172,51.1475294904557,119.001353624959,50.7677175265344,84.8845355757468,-1.2291560979847,6.4095374909209,1.08899970349718e-38
"NSR1",351.26229178289,311.144450245949,207.200011510717,96.3120566352544,73.0456649341049,114.09513889585,289.868917846519,94.4842868217365,192.176602334128,-1.61711229286344,7.58731540432708,9.47507213804767e-18
"YGR160W",39.9352034578114,32.7798396016294,26.2055903608048,15.135472493754,7.96461768257409,18.4480122613829,32.9735444734152,13.849367479237,23.4114559763261,-1.25092426918127,4.55650068208876,2.45107706291911e-06
"RTS3",74.6250545850714,73.4398389092267,91.741011099446,210.534422388118,215.880742269108,196.155553797272,79.935301531248,207.523572818166,143.729437174707,1.37631971190179,7.16762061701027,1.78365070392289e-33
"YML089C",0,0,0,0.20180629991672,0.13201023783272,0.12464873149583,0,0.15282175641509,0.0764108782075449,4.83632326824493,-2.63962033807047,0.00325535683173745
"DRS1",131.662751355941,144.726850682287,95.987088752015,63.114920298954,45.8075525279537,73.0857062337219,124.125563596748,60.6693930202099,92.3974783084788,-1.03265589314611,6.53174898877512,5.8613273075358e-10
"YSY6",0,0.243716279566018,0,0,0,0,0.0812387598553393,0,0.0406193799276696,-4.03453192497759,-2.93201150309509,0.0427418074559685
"DHR2",19.3945800457362,22.9093302792057,16.2980758381437,6.45780159733503,3.78429348453796,7.72822135274149,19.5339953876952,5.99010547820482,12.76205043295,-1.70428544969318,3.68895513618589,2.11803744446605e-10
"SNQ2",512.325463344527,501.933677766214,553.963019803854,1107.36161921802,1181.97566614156,1017.96464054928,522.740720304865,1102.43397530295,812.587347803909,1.07651322092145,9.66646568342315,4.41825999617813e-21
"HIS4",780.45553247683,870.554550609815,1024.11961806104,3386.15835787762,2960.02155951046,3083.22792312653,891.709900382563,3143.1359468382,2017.42292361038,1.81754061812631,10.9783145952372,4.09439672011406e-43
"HBN1",5.06903796649924,3.16831163435823,4.67497438515176,2.21986929908392,1.80413991704717,1.99437970393329,4.30410799533641,2.00612964002146,3.15511881767893,-1.09998676021721,1.70065068416924,0.000108192633337098
"SHM2",679.074773146845,936.845378651772,710.896334255875,427.123033773737,227.101612484889,264.87855442864,775.605495351498,306.367733562422,540.98661445696,-1.34021680549767,9.07977139610735,2.73382422715126e-11
"ARO1",237.936234288373,275.683731569094,272.306535516775,654.356927479963,580.184995274803,532.333182641526,261.975500458081,588.958368465431,425.466934461756,1.16859794882588,8.73302752745104,1.51440439603912e-22
"SAS10",93.0939842195338,115.643374654075,74.4135831031037,47.5758352053666,36.8748597679397,53.3496570802154,94.383647325571,45.9334506845072,70.1585490050391,-1.03895244591478,6.13518946855129,7.52447820266168e-10
"AAH1",113.546450449583,121.979997922792,67.2510076689721,45.1037080313868,31.6384536672418,42.9622627888962,100.925818680449,39.901474829175,70.4136467548119,-1.33899929252179,6.14042009461675,1.56028956350537e-11
"MEP2",146.296843572269,127.260517313389,185.283388475739,1146.51204140186,1188.22415073231,1818.33414548401,152.946916453799,1384.35677920606,768.65184782993,3.1781401886093,9.58627617052806,3.54374686486496e-60
"SHC1",18.6452439985146,20.6346450032562,16.9843106102761,48.786673004867,49.5918460124917,53.0588100400585,18.7547332040156,50.4791096858057,34.6169214449107,1.42802441968323,5.11562850611843,2.32868507256574e-20
"YDR210W",0.0881571820260737,0.162477519710679,0,0,0,0,0.0835449005789174,0,0.0417724502894587,-4.04447479595811,-2.93145314046029,0.0389607836052946
"snR34",2.86510841584739,2.47778217558785,3.77429124672802,1.0090314995836,2.15616721793442,1.20493773779303,3.03906061272109,1.45671215177035,2.24788638224572,-1.05200839511179,1.23312961312058,0.00201896175298075
"TRM11",72.5974393984717,70.8808179737835,47.6504269899413,33.2980394862587,24.465897411664,37.3946194487491,63.7095614540655,31.719518782224,47.7145401181447,-1.00596810990853,5.57998400916532,7.01493083249832e-08
"MCH4",52.717994851592,51.0991799490084,51.9822839890269,142.677054041121,160.832473092863,153.691885934359,51.9331529298758,152.400471022781,102.166811976328,1.55333321301366,6.67545951443832,6.86892455852877e-59
"YGL015C",0.573021683169479,0.690529458770384,0.600455425615822,0.353161024854259,0.308023888276346,0.12464873149583,0.621335522518562,0.261944548208812,0.441640035363687,-1.25945704155088,-0.91177625883662,0.0114756117027043
"ENP2",73.3026968546802,88.4690094824644,62.1471365512376,37.8386812343849,24.8619281251622,40.5939368904754,74.6396142961274,34.4315154166742,54.5355648564008,-1.11632595375961,5.77246921437226,8.66326152968396e-10
"RRP36",41.4779541432677,38.5884109312861,24.189775717666,15.0345693437956,14.609132986821,20.9409868912995,34.7520469307399,16.861563073972,25.806805002356,-1.0420915581689,4.6967171150082,2.58077503046768e-06
"DAL1",9.34466129476381,11.3328069998198,9.34994877030352,26.5879800140278,20.9016209901806,28.4614603582146,10.009139021629,25.317020454141,17.663079737885,1.33765198068933,4.14707059238293,7.82173996469471e-12
"MF(ALPHA)1",0.705257456208589,0.649910078842714,0.600455425615822,0.0504515749791799,0.308023888276346,0.166198308661107,0.651874320222375,0.174891257305544,0.41338278876396,-1.83069493832195,-0.974632433617924,0.000353031496598673
"ENO1",2346.70010694307,2110.86731670121,2450.88748867075,990.46531999126,1201.24916086514,819.814707048077,2302.81830410501,1003.84306263482,1653.33068336992,-1.1978714627173,10.6912637827426,6.04440433995235e-17
"DUR1,2",418.17359294068,361.228145696766,544.355732994001,1076.18254588089,812.611020685611,1014.18362902724,441.252490543816,967.659065197913,704.455777870864,1.13288927905369,9.46044511072044,5.38840566346373e-13
"SCR1",5.20127373953835,5.4836162902354,91.6552317529294,6.50825317231421,15.0051637003191,10.9690883716331,34.1133739275677,10.8275017480888,22.4704378378283,-1.65481358627154,4.49825055238342,0.0310911982802941
"MET13",54.5252170831266,51.9928063074171,47.1786405841003,108.117725180383,106.576265343616,101.796464054928,51.2322213248813,105.496818192975,78.3645197589284,1.04188079672187,6.29306876182122,3.87222793331253e-27
"CGR1",69.9968025287025,65.1941047839098,39.8445064569356,25.6294000894234,24.1578735233877,30.6635879479743,58.3451379231826,26.8169538535951,42.5810458883889,-1.12089863226394,5.41638782820602,8.96082697949059e-09
"YJR115W",5.33350951257746,7.51458528661888,8.87816236446251,18.7679858922549,18.0413991704717,14.2930545448552,7.24208572121962,17.0341465358606,12.1381161285401,1.23187195106565,3.60687044020856,1.43180284365043e-07
"GAP1",467.673850648321,372.032900757526,561.468712624052,1775.08821406747,1826.93368477962,2450.84335867102,467.058488009966,2017.62175250603,1242.340120258,2.11100913243759,10.2789013374251,8.53644753944389e-36
"RDN25-1",4192.62334138702,4920.6316844379,32640.41381909,4958.88530470359,7631.77586958519,6005.16038769746,13917.8896149716,6198.60718732875,10058.2484011502,-1.16692321667636,13.2961088998874,0.0330590435504245
"YGL138C",0.573021683169479,0.324955039421357,0.128669019774819,0,0.13201023783272,0.12464873149583,0.342215247455218,0.0855529897761833,0.213884118615701,-1.86870257566386,-1.70999097302146,0.0108264393786171
"SUP17",1.23420054836503,0.853006978481062,0.686234772132368,1.91715984920884,2.37618428098895,2.49297462991661,0.924480766326154,2.26210625337147,1.59329350984881,1.29334189235837,0.742258543856409,7.10459167153958e-05
"VHR1",74.0079543108888,75.3083303858995,83.4633041605993,166.641552156231,171.481298944703,155.686265638292,77.5931962857959,164.603038913075,121.098117599436,1.08486361236334,6.92062812792306,4.95535516092862e-25
"GFD2",51.483794303227,44.0314078415939,25.3477968956393,15.1859240687331,10.9568497401157,21.3564826629523,40.2876663468201,15.8330854906004,28.0603759187102,-1.34640816879362,4.81713325994765,6.26611042360236e-07
"CLD1",32.309607212556,32.1299295227867,32.6390413495458,78.250392792708,83.4304703102788,80.0660351974884,32.3595260282961,80.5822994334917,56.4709127308939,1.31626431809478,5.82073146928366,5.26934073409581e-31
"RNR3",17.1906504950844,15.7603194119358,19.7292496988056,45.4568690562411,40.043105475925,40.3861890046491,17.5600732019419,41.9620545122717,29.7610638571068,1.2564198288557,4.89734261443197,6.32579186721813e-15
"ARG7",199.455624333992,193.551345355346,249.060332610791,1007.21524288435,1020.3511316217,971.512213278502,214.022434100043,999.69286259485,606.857648347447,2.22371706603307,9.24526610264638,1.78071098054472e-68
"YJL133C-A",9.16834693071166,9.87050932242372,6.04744392941649,28.1519788383824,24.1578735233877,22.8938170180675,8.36210006085063,25.0678897932792,16.7149949270649,1.58217262626616,4.06599162249033,4.40609441452776e-13
"GLN1",1053.03753930145,863.527397882329,1131.4724702265,3215.78338917293,3231.39060508192,3909.06731886357,1016.01246913676,3452.08043770614,2234.04645342145,1.76456464628326,11.1254729452877,3.29474507256661e-37
"SPO24",185.041925072729,170.195201896936,187.556541158428,562.434157867897,557.523237780186,495.270959810099,180.931222709364,538.409451819394,359.670337264379,1.57323223869778,8.49065216841961,3.01996287426726e-45
"RRT5",0.96972900228681,0.649910078842714,0.729124445390641,2.67393347389653,1.54011944138173,1.82818139527218,0.782921175506722,2.01407810351681,1.39849963951177,1.35345140464095,0.546899908050483,0.000117983605540812
"ACO2",167.49864584954,174.216520509775,179.836399971939,505.524781291383,493.894303144815,628.395805047646,173.850522110418,542.604963161281,358.22774263585,1.64208340927855,8.48494404422051,2.96438205006004e-41
"YMR175W-A",1.41051491241718,0.690529458770384,0.42889673258273,0.554967324770979,0.220017063054533,0.373946194487491,0.843313701256764,0.382976860771001,0.613145281013883,-1.13936348325134,-0.515070725931785,0.0251628734816194
"URA1",137.74559691574,178.968987961312,119.747967737098,70.0772376460809,54.3002111618587,71.4237231471108,145.48751753805,65.2670573183501,105.3772874282,-1.15664738519952,6.72120956404688,2.95679779472603e-15
"TRP3",170.495990038426,171.373163914838,180.994421149912,382.877002516996,367.780522601957,390.31672789061,174.287858367726,380.324751003188,277.306304685457,1.12574330530137,8.11560636591169,1.21508197039858e-27
"QDR3",132.279851630124,126.285652195125,135.35980880311,376.368749344682,371.82883656216,444.081880742478,131.308437542786,397.426488883107,264.367463212946,1.59781477656138,8.0466694536697,2.553555978801e-45
"ICY2",30.6346207540606,33.1454140209784,31.9956962506717,151.405176512519,169.677159027656,160.838413206786,31.9252436752369,160.64024958232,96.2827466287786,2.33076660708657,6.58968378602731,5.99249819622715e-121
"DCS2",151.145488583703,123.23919870055,163.066537727954,290.802878179993,329.717570693523,267.122231595565,145.817075004069,295.880893489693,220.848984246881,1.02092288007551,7.78724188285428,1.70699593886708e-15
"YML108W",23.0971816908313,23.1936659386994,15.1829443334286,9.2830897961691,8.09662792040681,11.1768362574595,20.4912639876531,9.51885132467845,15.0050576561658,-1.10502394042504,3.91905414049015,1.32288467933896e-06
"ADE17",983.966387184021,1263.6689095498,1113.33013843825,551.940230272228,264.06447907805,335.388186878114,1120.32181172402,383.797632076131,752.059721900078,-1.54561571809795,9.55494103150143,2.67237867809779e-13
"YNL277W-A",0.220392955065184,0.406193799276696,0.257338039549638,0,0,0.207747885826384,0.294641597963839,0.0692492952754613,0.18194544661965,-1.91924225832024,-1.85570795304483,0.0123110260102548
"GPG1",30.5905421630476,29.1240954081391,24.9189001630566,12.5624421698158,13.641057909381,15.5810914369788,28.2111792447478,13.9281971720585,21.0696882084032,-1.0165213643975,4.40539522352549,4.01342960769032e-09
"YLR286W-A",0,0,0,0,0,0.706342811809706,0,0.235447603936569,0.117723801968284,5.49178508120291,-2.24515804294842,0.0037290586183794
"YRO2",175.565028004926,138.430846793498,130.813503437733,49.8461560794297,52.4960712448115,63.9863488345263,148.269792745386,55.4428587195892,101.856325732487,-1.418226923797,6.67224057372497,1.51665680722201e-27
"HOM2",585.584081608194,584.715974058804,645.746920576558,1488.62417133568,1451.6285786212,1378.36567288089,605.348992081186,1439.53947427926,1022.44423318022,1.24975187108222,9.9978658225726,5.32169020534336e-29
"YPL264C",20.5847020030882,21.0408388025329,22.6457474803682,56.8589250015357,59.1845899616693,49.5686455581752,21.4237627619964,55.2040535071268,38.3139081345616,1.36507012729979,5.26134475800495,3.24020365160194e-20
"DIP5",39.450338956668,36.882396974324,35.812877170658,130.820933921013,107.456333595834,149.37072990917,37.3818710338833,129.215999142006,83.2989350879446,1.78945535119625,6.38092849905336,4.28315274480367e-49
"PAU11",0.528943092156442,0.528051939059705,0.257338039549638,0.908128349625238,1.10008531527266,0.872541120470813,0.438111023588595,0.960251595122905,0.69918130935575,1.12113055665079,-0.356583468829848,0.00556938263782859
"HAS1",126.946342117546,142.330307266554,99.3753729394186,61.6518246245578,42.7273136451903,73.0441566565566,122.884007441173,59.1410983087682,91.0125528749706,-1.05493627603912,6.51001151668672,5.35791219166584e-10
"ARG4",369.422671280262,355.216477467471,499.19290705304,2453.56099438748,2520.20745046445,2430.56716501436,407.944018600257,2468.11186995543,1438.02794427784,2.59696453655388,10.4898929780031,1.92272416271646e-72
"AAT2",399.44019176014,395.510902355719,441.334737827629,878.563726687439,885.128644668385,844.32895757559,412.095277314496,869.340442977138,640.717860145817,1.07693170943824,9.3236582910447,1.00623612908841e-22
"YJL047C-A",1.27827913937807,1.21858139783009,2.14448366291365,3.27935237364669,2.94822864493074,3.86411067637074,1.54711473337394,3.36389723164939,2.45550598251166,1.12029312661868,1.33946278556109,0.000272702705666298
"SAM4",370.436478873561,362.20301081503,382.661664810312,746.128342367091,760.246959678632,758.695279037954,371.767051499634,755.023527027893,563.395289263764,1.02212785941868,9.13814534714039,4.35004509754862e-22
"PAU14",0.573021683169479,0.243716279566018,0.557565752357549,1.0090314995836,1.3201023783272,0.91409069763609,0.458101238364349,1.08107485851563,0.769588048439988,1.23905683244717,-0.238247692586102,0.00213399315501407
"DDR2",158.109905963763,129.250866929845,131.757076249415,313.960151095436,362.852140389535,345.110787934789,139.705949714341,340.641026473254,240.173488093797,1.28601918496199,7.90825567376134,8.55470226930825e-28
"TRP4",109.799770213475,111.297101001815,113.829192827457,296.50390615264,291.874635848143,293.755510558507,111.642021347582,294.04468418643,202.843352767006,1.39709109704131,7.664531120856,4.46411631637636e-43
"HCA4",83.5730085607178,103.051366876498,65.6212000851577,40.9666788830941,26.6660680422094,46.5770760022753,84.0818585074578,38.0699409758596,61.0758997416587,-1.14310995474003,5.93561098672432,7.69741331324704e-09
"YER068C-A",1.36643632140414,1.70601395696212,2.53049072223811,13.4201189444618,10.2527951383412,15.4148931283177,1.86764700020146,13.0292690703736,7.44845803528752,2.7986105925147,2.90492905170434,1.94308612275371e-22
"ARG5,6",66.6468296117117,70.2309078949408,68.3661391736872,292.265973854389,280.697769044973,297.785819543539,68.4146255601132,290.249854147634,179.332239853873,2.08475139150336,7.48672407313863,1.93224976019154e-88
"PYC2",327.59208840889,383.000133337997,415.772492565699,920.791694945012,798.441921824899,842.583875334648,375.454904770862,853.939164034853,614.697034402858,1.18542979619915,9.26383118044621,6.76139041164637e-22
"GTO3",23.4057318279226,28.1086109099474,30.2801093203407,57.4138923263067,62.61685614532,52.0200706109266,27.2648173527369,57.3502730275178,42.3075451901273,1.07219903164799,5.40466830145936,1.51405899190407e-13
"YIL012W",0.396707319117331,1.09672325804708,0.900683138423733,2.11896614912556,2.15616721793442,1.41268562361941,0.798037905196048,1.8959396635598,1.34698878437792,1.23078464551226,0.505659196667415,0.000978252058348565
"YKL177W",1.01380759329985,0.568671318987375,0.42889673258273,0.403612599833439,0.396030713498159,0.0415495771652768,0.670458548289984,0.280397630165625,0.475428089227804,-1.26944760301534,-0.832897995607533,0.022790853231983
"YDR340W",1.41051491241718,1.46229767739611,0.686234772132368,0.15135472493754,0.396030713498159,0.789441966140259,1.18634912064855,0.445609134858653,0.815979127753602,-1.37062902381506,-0.119395928487063,0.00416063726332315
"YML007C-A",0.617100274182516,0.690529458770384,0.514676079099276,1.36219252443786,2.20017063054533,1.12183858346247,0.607435270684058,1.56140057948189,1.08441792508297,1.35257339480993,0.216810595998478,0.000308330446850469
"CYC8",0,0,0,0.20180629991672,0.220017063054533,0,0,0.140607787657084,0.0703038938285421,4.69853389081755,-2.70618753387906,0.00663731892024601
"LYS2",195.929337052949,212.155021362218,229.931538337602,813.582098114255,756.022632067985,819.690058316581,212.671965584256,796.431596166274,504.551780875265,1.90486683353931,8.97894582466727,1.58481480011015e-61
"SYO1",58.1396615461956,61.7820768699855,36.3704429230155,25.0744327646524,16.8093036173663,24.8881967220008,52.0973937797322,22.2573110346732,37.1773524072027,-1.22713980808967,5.22116449311024,1.8178216164155e-08
"RRP5",124.874648339933,179.131465481023,119.276181331257,85.4649680147307,49.459835774659,72.3378138447469,141.094098384071,69.0875392113789,105.090818797725,-1.03061987173006,6.71714874023205,1.96829102145527e-08
"YMC1",50.249593754862,53.5363427446686,61.4180121058469,126.885711072637,114.05684548747,125.147326421814,55.0679828684592,122.029960993974,88.5489719312164,1.14772217247334,6.46920561436198,7.51247753936941e-29
"SUT1",19.6590515918144,19.0911085660047,19.4290219859977,43.3379029071155,37.0948768309942,42.3805687085823,19.3930607146056,40.937782815564,30.1654217650848,1.07754229420835,4.91729517197199,1.77276437380424e-12
"RCK1",13.9729133511327,12.0639558385179,11.7517704727668,50.2497686792632,44.1354228487393,53.1834587715543,12.5962132208058,49.1895500998522,30.892881660329,1.96536345332091,4.95085824643845,1.16559791256002e-32
"tL(CAA)G1",0.13223577303911,0,0,0.252257874895899,0,0.415495771652768,0.0440785910130368,0.222584548849556,0.133331569931296,2.25092098331835,-2.19280295242551,0.0262565721601106
"TDH2",3343.40520692986,3261.49249191231,3386.65437981975,1312.14456205851,1366.17395133082,1058.97407321141,3330.51735955397,1245.76419553358,2288.14077754378,-1.41873526894707,11.1600395692915,4.78031510016024e-29
"ARG2",38.7450815004594,37.4104489133837,40.4449618825514,82.5892282409175,88.4908627605331,83.9716954510244,38.8668307654648,85.017262150825,61.9420464581449,1.12931787662379,5.9541216437161,4.33013034965763e-24
"MEP1",131.574594173915,143.223933624963,167.226836034006,304.273448699434,293.854789415634,335.346637300949,147.341787944295,311.158291805339,229.250039874817,1.07848524141527,7.84114761135377,1.22314566375647e-19
"LYS9",294.621302331138,268.169146282475,302.543755163858,689.319868940535,751.710297632117,935.322531567546,288.44473459249,792.117566046732,540.281150319611,1.45749327119458,9.07773384067212,1.32787783824095e-28
"YFL015W-A",0.13223577303911,0.0406193799276696,0.214448366291365,0.655870474729339,0.616047776552692,0.623243657479152,0.129101173086048,0.631720636253727,0.380410904669888,2.25701804453406,-1.1198299003854,6.9686781439662e-05
"snR57",1.71906504950844,1.3404395376131,1.80136627684747,1.0090314995836,0.264020475665439,0.789441966140259,1.62029028798967,0.687497980463099,1.15389413422638,-1.24224756698605,0.315859832713797,0.00163469555845689
"snR61",1.85130082254755,1.13734263797475,1.20091085123164,0.554967324770979,0.352027300887252,0.706342811809706,1.39651810391798,0.537779145822646,0.967148624870313,-1.36038924096852,0.086377376677797,0.000424436726681317
"YGR022C",1.41051491241718,2.88397597486454,1.20091085123164,3.22890079866751,3.87230030975978,3.9472098307013,1.83180057950446,3.6828036463762,2.75730211294033,1.00232037835667,1.50727621726931,0.00326285751036039
"ALB1",77.9309489110491,87.6160025039834,63.9056131548268,42.0261619576568,25.0379417756058,46.3277785392836,76.4841881899531,37.7972940908488,57.1407411404009,-1.01692029687494,5.83952302047478,2.14602705594884e-07
"PTR2",41.0371682331373,36.760538834541,45.5488330002859,96.3120566352544,101.075838767252,91.4921689179395,41.1155133559881,96.2933547734821,68.7044340647351,1.22785719635263,6.10330969894128,1.17282566313676e-25
"YIR044C",0.176314364052147,0.121858139783009,0.171558693033092,0.504515749791799,0.220017063054533,0.415495771652768,0.156577065622749,0.380009528166367,0.268293296894558,1.24404329023204,-1.51325172527371,0.0473675064574871
"GPP1",1690.72251548705,1664.41971191619,1398.41779658599,801.271913819335,760.1149494408,734.887371322251,1584.52000799641,765.424744860795,1174.9723764286,-1.04973444361208,10.1985568082094,8.87279712543365e-19
"ATG1",24.5076966032485,28.6366628490071,31.9099169041551,73.9620089194777,67.4132281199088,64.2771958746832,28.3514254521369,68.5508109713566,48.4511182117467,1.27299643902451,5.59966847758052,1.00136957198408e-20
"LTV1",63.6054068318121,76.8112474432233,45.720391693319,31.5322343619874,21.8256926550097,39.2228008440213,62.0456819894515,30.8602426203395,46.4529623048955,-1.00732500086766,5.54170328124906,2.37154024447297e-06
"YDL114W",0.176314364052147,0.203096899638348,0.128669019774819,0.554967324770979,0.308023888276346,0.457045348818045,0.169360094488438,0.440012187288456,0.304686140888447,1.33558391975347,-1.37036410032244,0.0240362340885448
"ADE1",371.14173632977,455.180771469466,395.87168417386,227.788861030997,167.388981571889,185.768159505953,407.398063991032,193.648667369613,300.523365680322,-1.07326070040256,8.23190130957584,4.22460641942878e-16
"RRP12",127.078577890585,152.403913488616,111.127143412185,66.0915632227257,50.3399040268771,72.6702104620691,130.203211597129,63.0338925705573,96.6185520838431,-1.04657493377229,6.59612208566211,1.97959727983033e-13
"URA7",165.647345026992,181.771725176322,120.69154054878,74.8196856941238,51.5719995799825,83.8054971423633,156.036870250698,70.0657274721565,113.051298861427,-1.15507271252735,6.82247150787973,5.15250831558328e-11
"TRP2",198.618131104744,212.276879502001,215.005932043723,519.247609685719,481.265323725485,482.722987506186,208.633647550156,494.41197363913,351.522810594643,1.24464496579155,8.45764941386455,1.27128908487288e-31
"YER084W-A",0.573021683169479,0.568671318987375,0.343117386066184,0.302709449875079,0.0440034126109066,0,0.494936796074346,0.115570954161995,0.305253875118171,-2.15778495591659,-1.34599290615082,0.00122633720958494
"YER084W",0,0,0,2.32077244904227,0,2.28522674409022,0,1.5353330643775,0.76766653218875,8.13809162589919,-0.269857845616977,6.82795017159339e-07
"YDR445C",1.54275068545629,0.934245738336401,1.07224183145683,0.0504515749791799,0.264020475665439,0.0830991543305536,1.18307941841651,0.132523734991724,0.657801576704115,-3.07965362433513,-0.404279075020814,1.00962227828635e-09
".",2.64471546078221,1.70601395696212,1.5869179105561,0.756773624687698,0.220017063054533,1.16338816062775,1.97921577610015,0.713392949456661,1.3463043627784,-1.45877076984865,0.531223014928159,0.00119766797914796
".",3.61444446306902,2.51840155551552,2.87360810830429,8.0218004216896,7.17255625557777,6.2739861519568,3.00215137562961,7.15611427640806,5.07913282601883,1.25187954257853,2.35879851404303,3.3861571775759e-07
".",0.0881571820260737,0.365574419349027,0.171558693033092,0.0504515749791799,0,0,0.208430098136064,0.0168171916597266,0.112623644897895,-3.39856523489217,-2.29491323690693,0.00252928107794992
".",7.40520329019019,7.7583015661849,5.96166458289995,12.4615390198574,15.3131875885955,15.1240460881608,7.04172314642501,14.2995908988712,10.6706570226481,1.0221448861574,3.42564308033831,9.65885072023515e-07
".",2.46840109673006,5.15866125081404,3.30250484088702,9.43444452110664,20.9016209901806,11.0521875259636,3.64318906281038,13.7960843457503,8.71963670428033,1.91812981482813,3.13601524377367,8.76044977248949e-08
".",6.87626019803375,7.14901086726985,9.0497210574956,18.9697921921716,22.8817745576714,21.9381767432662,7.69166404093307,21.2632478310364,14.4774559359847,1.46708265827244,3.86178781764183,1.86554652270146e-13
".",6.30323851486427,10.7641356808325,5.31831948402585,21.7446288160265,29.7023035123619,39.3058999983519,7.46189789324086,30.2509441089134,18.8564210010771,2.01798929055248,4.24327545785664,1.31745936588578e-12
".",11.2841192993374,12.1858139783009,12.9097916507402,31.8349438118625,32.0784877933509,22.6860691322411,12.1265749761262,28.8665002458182,20.4965376109722,1.24989206236322,4.35991788082666,4.28401454129747e-11
".",0.573021683169479,0.812387598553392,0.943572811682006,0,0.440034126109066,0.166198308661107,0.776327364468293,0.202077478256724,0.489202421362508,-1.87441278291665,-0.765605309971356,0.000486026037494639
".",2.46840109673006,1.58415581717912,1.28669019774819,1.10993464954196,0.704054601774505,0.789441966140259,1.77974903721912,0.867810405818907,1.32377972151902,-1.03940514839346,0.498769256448016,0.00363693634129092
".",50.6463010739793,50.1243148307443,66.5647728968397,140.961700491829,149.303578988806,157.431347879234,55.7784629338544,149.232209119956,102.505336026905,1.41995806656038,6.68028260871907,6.56331927567224e-33
".",0,0,0,0.655870474729339,0,0,0,0.218623491576446,0.109311745788223,5.31138567614041,-2.45075629858643,0.00539504181600107
".",1.45459350343022,0,0,0,0,0,0.484864501143405,0,0.242432250571703,-6.4826880107732,-1.60739763520628,0.00145687405139955
".",4.40785910130368,5.76795194972909,5.4040988305424,11.7552169701489,10.1647883131194,10.1380968283275,5.19330329385839,10.6860340371986,7.93966866552851,1.0380037093722,2.99955448318636,1.65635312267385e-06
".",0.352628728104295,0.121858139783009,0.128669019774819,0,0.13201023783272,0,0.201051962554041,0.0440034126109065,0.122527687582474,-2.02017191377376,-2.24294839547017,0.0254169037420647
".",0,0,6.86234772132368,22.6527571656518,20.8136141649588,10.8444396401372,2.28744924044123,18.1036036569159,10.1955264486786,2.98162465944938,3.34811101618536,0.0188283193967381
".",15.0748781264586,15.9227969316465,19.7721393720639,39.1504221838436,59.8886445634438,37.3530698715838,16.923271476723,45.4640455396238,31.1936585081734,1.4255944541846,4.9656763125998,5.45192099849391e-12
".",0,27.296223311394,23.9324376781163,0,0,0,17.0762203298368,0,8.53811016491839,-11.6100017145703,3.1272797162272,2.19678573853585e-08
".",39.9792820488244,28.4335659493687,39.0296026650284,69.8754313461641,80.6142519031808,71.9638676502594,35.8141502210739,74.1511836332015,54.9826669271377,1.05049185676688,5.78235936153321,4.95813544923084e-13
".",2.07169377761273,0.893626358408732,1.71558693033092,0.302709449875079,0.440034126109066,0.789441966140259,1.56030235545079,0.510728514041468,1.03551543474613,-1.57544325036333,0.180765638653977,0.000232431663679619
".",1.71906504950844,2.55902093544319,2.7020494152712,5.14606064787635,5.3684163385306,4.52890391101517,2.32671180007427,5.01446029914071,3.67058604960749,1.10305378570428,1.90237449031738,2.5487564934491e-05
".",224.360028256357,201.959557000373,213.547683152941,476.111513078521,475.104845959958,530.131055051767,213.289089469891,493.782471363415,353.535780416653,1.21114129603103,8.46593439766675,1.53729607935458e-28
".",2.46840109673006,1.29982015768543,0.814903791907187,3.22890079866751,3.3882627710398,2.74227209290827,1.52770834877423,3.11981188753853,2.32376011815638,1.0298146144717,1.25743004817452,0.00536505797944403
".",0.617100274182516,0.284335659493687,0.386007059324457,0.655870474729339,1.84814332965808,0.540144503148598,0.429147664333553,1.01471943584534,0.721933550089445,1.24056862922185,-0.31599979020305,0.0185305048015719
".",0,0,0.042889673258273,0.353161024854259,0.484037538719972,0.0830991543305536,0.0142965577527577,0.306765905968262,0.16053123186051,3.97357271582873,-2.05297516345472,0.000115344635499583
".",1.05788618431288,0.365574419349027,0.943572811682006,0.15135472493754,0.264020475665439,0.290847040156938,0.789011138447972,0.235407413586639,0.512209276017306,-1.69400099486741,-0.727069950487473,0.000881583708061995
".",0.484864501143405,0.243716279566018,0.257338039549638,0,0,0.0830991543305536,0.32863960675302,0.0276997181101845,0.178169662431602,-3.2316481866921,-1.89258819198969,0.000138199275615046
".",68.7626019803375,60.5228760922277,71.4541956482828,165.632520656648,185.870414868469,152.320749887905,66.913224573616,167.941228471007,117.427226522312,1.32766512105873,6.87614865510694,3.01671534278504e-30
".",4.98088078447316,4.58998993182667,3.90296026650284,10.9984433454612,9.10870641045766,10.3458447141539,4.49127699426756,10.1509981566909,7.32113757547924,1.17492221794826,2.88307049594979,4.3717696118792e-08
".",0.13223577303911,0.121858139783009,0,1.0090314995836,0.924071664829038,0,0.0846979709407065,0.644367721470879,0.364532846205792,2.83678243462005,-1.20925987102988,0.00329199385851975
".",98.6478866871764,124.132825058958,898.795992800369,127.188420522513,213.196534099842,166.447606124099,373.858901515501,168.944186915485,271.401544215493,-1.14589879668929,8.08494773686792,0.0475475975805312
".",0.573021683169479,0.568671318987375,0.343117386066184,0.807225199666878,0.836064839607225,1.95283012676801,0.494936796074346,1.19870672201404,0.846821759044192,1.27826641420841,-0.0913727365640961,0.00488794393494503
".",0.0440785910130368,0.0406193799276696,1.24380052448992,0.0504515749791799,0.0440034126109066,0.0415495771652768,0.442832831810208,0.0453348549184544,0.244083843364331,-3.14529136608913,-1.57819493310287,0.00772885706132111
".",5.0249593754862,4.63060931175434,5.57565752357549,11.2002496453779,11.2208702157812,9.8472497881706,5.07707540360534,10.7561232164432,7.91659931002429,1.08208211434679,2.9951754043142,2.75034752056218e-07
".",14.5018564432891,11.4546651396028,12.2664465518661,28.4042367132783,45.5435320522883,31.0790837196271,12.7409893782527,35.0089508283979,23.8749701033253,1.45877899560681,4.5810053388458,1.9918519323072e-12
".",13.0913415308719,10.6422775410494,11.7517704727668,30.3213965624871,33.5746038221217,33.1150130007256,11.8284631815627,32.3370044617781,22.0827338216704,1.45157795664838,4.46830622166885,2.78342168272566e-18
".",12.3860840746633,9.54555428300236,12.9526813239984,30.1195902625704,33.6626106473435,35.9403842479644,11.6281065605547,33.2408617192928,22.4344841399238,1.51629045187983,4.49124737652802,3.53831204443085e-17
".",2.42432250571703,2.35592403580484,2.27315268268847,0.554967324770979,0.572044363941785,1.99437970393329,2.35113307473678,1.04046379754868,1.69579843614273,-1.15575588203441,0.854410537527683,0.008374833317981
".",2.82102982483436,3.73698295334561,2.18737333617192,1.31174094945868,0.484037538719972,2.03592928109856,2.91512870478396,1.2772359230924,2.09618231393818,-1.18447435984142,1.14168078257127,0.00600407408922715
".",164.324987296601,118.243014969446,129.998599645825,318.04672866875,346.350860660446,309.253502841155,137.522200637291,324.550364056784,231.036282347037,1.23890863930109,7.85225642946605,1.21096249895386e-21
".",2.42432250571703,1.94973023652814,1.32957987100646,0.706322049708518,0.396030713498159,1.16338816062775,1.90121087108388,0.755246974611476,1.32822892284768,-1.31659800459796,0.515479473877513,0.00111158933505236
".",44.298983968102,34.6483310783022,4.9323124247014,11.3011527953363,5.01638903764335,16.3705334031191,27.9598758237019,10.8960250786996,19.4279504512007,-1.35890188271549,4.28948275824999,0.0160031983231988
".",17.0584147220453,10.6016581611218,18.0994421149912,29.0601071880076,33.1345696960126,33.4474096180478,15.2531716660527,31.8806955006894,23.5669335833711,1.06454491438524,4.56243745336285,1.69395127005794e-07
".",0.440785910130368,0.0812387598553393,0.128669019774819,0,0,0,0.216897896586842,0,0.108448948293421,-5.32785848358576,-2.34583342993156,0.000285453972778404
".",10.2703117060376,13.3231566162756,10.3364112552438,4.49019017314701,3.21224912059618,1.6204335094458,11.3099598591857,3.10762426772966,7.20879206345767,-1.87015806604008,2.87315779773908,1.13665780765164e-08
".",5.81837401372086,0,0,0,0,0,1.93945800457362,0,0.96972900228681,-8.47404132235823,0.0733341692767244,2.49607596746966e-05
