"gene.name","SRR3396381.amphotericin_B","SRR3396382.amphotericin_B","SRR3396384.amphotericin_B","SRR3396385.control","SRR3396386.control","SRR3396387.control","amphotericin_B.average","control.average","amphotericin_B.control.average","baseMean","log2FC","lfcSE","stat","pval","padj"
"GLN1",73281.3736981986,73408.8500036172,89251.4619533169,24082.7381188838,19646.9445386073,25786.2587661151,78647.2285517109,23171.9804745354,50909.6045131232,50909.6045131232,1.76304290979723,0.120438768305487,14.6384999996459,1.59549416698047e-48,2.2142268049355e-46
"DAL3",2170.61866241291,2970.94167918228,3587.81732007658,873.994723694944,673.72042751986,804.446039365936,2909.79255389059,784.05373019358,1846.92314204208,1846.92314204208,1.8926017135413,0.171505502639968,11.0352244354184,2.58405544791714e-28,1.6342395287988e-26
"LYS12",18992.913296113,20317.762324825,24377.6154611337,9759.10371406085,9613.22343904195,9711.02235856692,21229.4303606906,9694.44983722324,15461.9400989569,15461.9400989569,1.13091241292081,0.100252749184711,11.2806124731518,1.63602942451693e-29,1.11298119379637e-27
"PCL5",14767.7948721895,14716.7575373222,14245.0197985907,5243.96834216967,5082.93875357919,5816.83885816122,14576.5240693675,5381.24865130336,9978.88636033541,9978.88636033541,1.43765448536373,0.0767361709521715,18.7350302670145,2.56495855518475e-78,8.09011246110318e-76
"RMT2",820.880150933697,469.832634325596,819.638858949276,1680.44890934195,1717.1091280273,1157.30754630531,703.450548069523,1518.28852789152,1110.86953798052,1110.86953798052,-1.11030579064219,0.212020015594165,-5.23679704263143,1.63387190345404e-07,1.87705912881914e-06
"HCA4",933.549975571655,605.784205109172,1063.44347324322,1911.29641998341,2344.62102142371,1495.50721777628,867.592551308014,1917.14155306113,1392.36705218457,1392.36705218457,-1.14396506493969,0.204281265846532,-5.59995093137471,2.14412488040891e-08,2.94615495943711e-07
"YIL165C",819.730458845554,1040.62930283605,1018.85663716611,469.759563139382,359.502395480419,493.615127435963,959.738799615907,440.959028685255,700.348914150581,700.348914150581,1.12349956997456,0.153342753989478,7.32672096166774,2.35852183113877e-13,6.67991142296812e-12
"NIT1",1168.08716155271,1536.45267863498,1463.77634185039,616.937452019961,644.146965680854,743.843786096571,1389.43872734603,668.309401265795,1028.87406430591,1028.87406430591,1.05662802388982,0.133371742175247,7.92242799454053,2.32916975616259e-15,7.62363629151521e-14
"PAU12",78.1790619936854,39.9857561128166,55.970709118064,38.3065738182328,16.635072284441,30.3011266346829,58.045175741522,28.4142575791189,43.2297166603205,43.2297166603205,1.03096069954399,0.422353031912098,2.44099277534855,0.0146469477840322,0.0427984227181437
"NQM1",1396.87588709306,1425.49220542191,1695.24842701662,4375.01395713501,3229.97653522896,2421.15776368095,1505.87217317719,3342.04941868164,2423.96079592942,2423.96079592942,-1.14983431475052,0.181334993230678,-6.34094001529981,2.28367449994498e-10,4.55356820549375e-09
"NSA2",1203.72761628513,1097.60900529682,1632.63712529132,3440.53516951655,2696.73005144438,1951.97902869231,1311.32458229109,2696.41474988441,2003.86966608775,2003.86966608775,-1.0396405725157,0.196961224326527,-5.27840226456025,1.30315140848168e-07,1.5326385802465e-06
"RPF1",605.887730451062,496.823019701747,831.022731990238,1429.44004405932,1463.88636103081,990.162621965606,644.577827381015,1294.49634235191,969.537084866463,969.537084866463,-1.00539949781526,0.198571868377311,-5.06315172451759,4.12381392677813e-07,4.25187887636158e-06
"YJL047C-A",74.7299857292581,66.9761414889679,88.2250160674568,29.233964229704,27.7251204740683,48.8727848946498,76.6437144285609,35.2772898661407,55.9605021473508,55.9605021473508,1.12139854062428,0.334987098114227,3.34758725615723,0.000815183208578229,0.0036970956106695
"UTP11",632.330648478338,526.812336786359,795.922456780605,1628.0293872749,1436.16124055674,913.921077529952,651.688480681767,1326.03723512053,988.862857901148,988.862857901148,-1.0244694114372,0.208189860714416,-4.92084200412869,8.61726754312566e-07,8.35128763711577e-06
"YKL097C",20.6944575865638,22.9918097648696,33.2029630361396,7.05647412441131,5.54502409481366,19.5491139578599,25.6297434625243,10.716870725695,18.1733070941096,18.1733070941096,1.26370090807723,0.610956305686888,2.06839817563789,0.0386025966302554,0.0939871642166114
"YOL079W",21.8441496747062,38.9861122099962,70.2005504192667,90.7260958852883,112.748823261211,93.8357469977277,43.6769374346564,99.103555381409,71.3902464080327,71.3902464080327,-1.17229462712931,0.381830915009427,-3.07019306464583,0.00213920438800234,0.00850168341829796
"REX4",256.381335655762,173.938039090752,240.958646033699,459.678885818794,573.909993813214,380.230266480376,223.759340260071,471.273048704128,347.5161944821,347.5161944821,-1.07630342797158,0.201808688395862,-5.33328587845701,9.64512813885987e-08,1.17623100449119e-06
"YOR302W",1076.11179450132,989.647463792212,967.629208481784,231.855578373515,215.331769015264,197.446050974385,1011.1294889251,214.877799454388,613.003644189746,613.003644189746,2.23415136467657,0.120488351922895,18.5424676246406,9.38166011811948e-77,2.83040606781005e-74
"YMR084W",218.441496747062,283.898868400998,224.831492559003,101.814840937935,99.8104337066459,159.325278756558,242.390619235688,120.316851133713,181.3537351847,181.3537351847,1.01152870339525,0.231506082615785,4.36933963879477,1.24622814883034e-05,9.4716069274192e-05
"tS(AGA)D3",0,0,0,4.03227092823504,5.54502409481366,0,0,3.19243167434957,1.59621583717478,1.59621583717478,-4.07717296841298,2.407848030828,-1.69328500645073,0.0904012306761026,0.185644906676968
"ARO3",24064.2050969092,22738.899857456,24306.4662546277,6397.19782764489,6086.58811474046,8003.40725434786,23703.1904029977,6829.06439891107,15266.1274009544,15266.1274009544,1.79535062728767,0.108839830262579,16.4953457108151,3.9628521272999e-61,7.43195430036054e-59
"ARG1",21177.3282635836,18489.4136265664,24705.8504671481,2029.24034463428,2193.98120018127,2805.2978529529,21457.5307857661,2342.83979925615,11900.1852925111,11900.1852925111,3.19515920112687,0.139259062123465,22.9439948281003,1.69161416196157e-116,1.95635177830855e-113
"YHL041W",10.3472287932819,2.99893170846125,9.48656086746847,3.02420319617628,1.84834136493789,0,7.61090712307054,1.62418152037139,4.61754432172096,4.61754432172096,2.22945847958814,1.19392734596721,1.86733178289172,0.0618552696391754,0.137348389128396
"GRX4",2965.05589531933,3247.84304026353,2938.93655674173,1112.90677619287,1060.94794347435,933.470191487812,3050.61183077487,1035.77497038501,2043.19340057994,2043.19340057994,1.55850614699457,0.0975175938069606,15.9817945270439,1.71147061501595e-57,2.96897364939892e-55
"ASN1",77389.2235291315,75082.2538969386,80833.0878395254,25606.9365297566,25130.973368378,30229.7723687367,77768.1884218652,26989.2274222904,52378.7079220778,52378.7079220778,1.52680567040762,0.0900851899944788,16.9484647865115,1.97545063217167e-64,4.15383392019371e-62
"EFM3",81.6281382581127,50.9818390438412,105.3008256289,248.992729818514,309.597178627096,220.904987723817,79.3036009769513,259.831632056476,169.567616516713,169.567616516713,-1.71117595347972,0.265309405775683,-6.44973723595202,1.12044242782587e-10,2.32776946307896e-09
"snR3",26.4429180272759,17.9935902507675,30.3569947758991,71.5728089761719,66.5402891377639,109.475038164016,24.9311676846475,82.5293787593172,53.7302732219823,53.7302732219823,-1.72601990726258,0.364175940507307,-4.73952206962983,2.14222902679544e-06,1.89845813753941e-05
"STR2",4190.62766127917,4778.29785548159,4623.74976680413,2115.93416959134,1818.76790309888,2169.95164932245,4530.8917611883,2034.88457400422,3282.88816759626,3282.88816759626,1.15526772927889,0.0983769338865075,11.7432784661867,7.64637452369291e-32,5.83057063955001e-30
"SPO24",12816.7673986118,12665.4882487347,11307.9805540224,4231.86833918267,3872.27515954487,4274.41376688607,12263.412067123,4126.18575520454,8194.79891116376,8194.79891116376,1.57148756484739,0.0833514083032362,18.8537614041295,2.73673419105737e-79,9.04295169130815e-77
"GGC1",10496.6887647404,10040.4233599283,10125.9550699358,3614.93088716271,3473.95759540076,4360.42986830066,10221.0223982015,3816.43945028804,7018.73092424477,7018.73092424477,1.42126602086558,0.0986453280431083,14.4078391654238,4.61937891742111e-47,6.04790005811039e-45
"tQ(UUG)D1",4.59876835256973,2.99893170846125,1.89731217349369,0,0,0,3.16500407817489,0,1.58250203908745,1.58250203908745,4.14373708642393,2.04525735557282,2.02602233656966,0.042762495739548,0.102109070177813
"CGR1",584.043580776355,548.804502648408,700.108192019173,1600.81155850931,1483.29394536265,908.056343342594,610.985425147979,1330.72061573819,970.853020443083,970.853020443083,-1.12259880074677,0.194771646711724,-5.76366642526925,8.2306013412732e-09,1.25245926989243e-07
"ENA5",41654.4940454885,42907.7152407607,41837.6307377094,17568.6044343201,17001.0438746987,19470.9175020285,42133.2800079862,18013.5219370157,30073.400972501,30073.400972501,1.22589843170623,0.074958635864614,16.3543321935631,4.05125273542837e-60,7.20811352080448e-58
"FAL1",240.285646421768,176.936970799214,253.291175161408,504.03386602938,565.592457670993,392.937190552985,223.504597460797,487.521171417786,355.512884439291,355.512884439291,-1.12578313580271,0.191163362904647,-5.88911556428446,3.88267878440455e-09,6.29483833761289e-08
"ENO1",22570.7550744122,27289.2789030945,18717.933247602,53668.5179870763,48026.3778558636,55855.7284003974,22859.3224083696,52516.8747477791,37688.0985780743,37688.0985780743,-1.20000726972047,0.130001121061855,-9.23074554987487,2.68754660158289e-20,1.17288590367193e-18
"YDL114W",12.6466129695668,6.99750731974291,10.4352169542153,4.03227092823504,4.62085341234472,2.93236709367899,10.0264457478417,3.86183047808625,6.94413811296396,6.94413811296396,1.37012676324666,0.820280317766453,1.67031529779648,0.0948569980616965,0.193024255000033
"DAL1",605.887730451062,474.830853839698,649.82941942159,213.710359196457,257.843620408835,213.085342140673,576.849334570783,228.213107248655,402.531220909719,402.531220909719,1.33686143418196,0.164210811317934,8.14112921952268,3.9160816334161e-16,1.34523220070665e-14
"UTP23",577.145428247501,429.846878212779,706.748784626401,1340.73008363815,1414.90531485995,918.808356019417,571.247030362227,1224.81458483917,898.0308076007,898.0308076007,-1.10014572187661,0.199728997536955,-5.50819227775405,3.62537300444692e-08,4.77352244361617e-07
"NIP7",1133.59639890844,903.678088149656,1429.6247227275,2481.86275632867,2595.99544705526,1863.03056018405,1155.63306992853,2313.62958785599,1734.63132889226,1734.63132889226,-1.00123029022905,0.173003139839687,-5.78735328825151,7.15040909509837e-09,1.10751537301088e-07
"snR34",22.9938417628486,48.9825512382004,27.5110265156586,65.5244025838193,56.3744116306056,86.0161014145837,33.1624731722359,69.3049718763362,51.233722524286,51.233722524286,-1.0581155885319,0.37726652189388,-2.80468986015549,0.00503650155788389,0.0175368397531866
"PYC2",20983.0303006875,18138.5386166764,19237.7967831393,7491.9593846607,8714.00536499967,9475.45553537471,19453.1219001678,8560.47342834503,14006.7976642564,14006.7976642564,1.18416519601212,0.103787769346059,11.409486912314,3.74934358856564e-30,2.65476481235275e-28
"ARG4",55911.8256305428,57252.6052462337,55494.4837625171,8448.61566238446,8081.87261819091,11376.6068677766,56219.6382130978,9302.36504945065,32761.0016312742,32761.0016312742,2.59542413580774,0.123967736940298,20.9362871329795,2.50215110127795e-97,1.24017332084055e-94
"MRD1",878.364755340818,571.796312413278,992.294266737202,1865.93337204076,2096.01910783956,1349.86631879023,814.151778163766,1770.60626622352,1292.37902219364,1292.37902219364,-1.12096040725219,0.203537924018197,-5.50737860111008,3.64216408358976e-08,4.78654859394495e-07
"RGS2",718.55755508902,630.775302679682,702.005504192667,407.259363751739,267.085327233525,318.650557513117,683.779453987123,330.998416166127,507.388935076625,507.388935076625,1.04774095610789,0.162991682532061,6.42818664014832,1.29135128802843e-10,2.65109070639919e-09
"TRP3",8725.01325691292,8355.02373977304,8911.67527889988,3899.20598760328,3899.07610933647,4124.86304510845,8663.90409186194,3974.38171401607,6319.14290293901,6319.14290293901,1.12430913833697,0.0681808366146861,16.4901047590665,4.32199480558927e-61,7.89218998841683e-59
"LEU9",9366.5414420964,8129.10421773562,8758.94164893364,3409.28506982272,4075.59270968804,3669.36868989031,8751.52910292189,3718.08215646702,6234.80562969446,6234.80562969446,1.23473601727422,0.0950063144998819,12.9963573871267,1.28310778639422e-38,1.2903601347521e-36
"HBN1",50.586451878267,40.9854000156371,45.5354921638487,115.927789186757,72.0853132325776,106.542671070337,45.7024480192509,98.1852578298905,71.9438529245707,71.9438529245707,-1.10392807001298,0.295466692119599,-3.73621832665365,0.000186808488317574,0.00102878103209178
"PFS1",5.74846044071216,12.9953707366654,6.64059260722793,19.1532869091164,24.0284377441925,12.706924072609,8.4614745948685,18.629549575306,13.5455120850872,13.5455120850872,-1.13395469783336,0.632538037829643,-1.79270594022167,0.0730199561957146,0.156820017345114
"ARG3",2363.76693322084,2106.24970324262,2624.93139202853,223.791036517045,310.521349309565,198.423506672278,2364.98267616399,244.245297499629,1304.61398683181,1304.61398683181,3.27383129560471,0.159936880027942,20.4695208199181,4.02558988070494e-93,1.86223787881411e-90
"DAL80",240.285646421768,260.907058636129,457.25223381198,76.6131476364657,55.4502409481366,44.9629621030778,319.481646289959,59.0087835625601,189.24521492626,189.24521492626,2.43976336020827,0.29484555208728,8.27471651831483,1.28761591282027e-16,4.6294128596165e-15
"CIN5",2520.12505720821,2043.27213736493,1647.81562267927,734.881376670835,878.886319027965,1231.59417934518,2070.40427241747,948.453958347992,1509.42911538273,1509.42911538273,1.1258352581338,0.193843477312825,5.8079604933878,6.32384329705637e-09,9.83882256463547e-08
"CTT1",12371.8365605007,13116.3276489067,11811.716936085,6526.23049734841,5420.26105268035,6025.03692181243,12433.2937151641,5990.50949061373,9211.90160288893,9211.90160288893,1.05355098758051,0.0907253958380459,11.6125256643819,3.55943973934717e-31,2.6558013281e-29
"YKL031W",29.8919942917032,25.9907414733308,21.8190899951775,50.403386602938,66.5402891377639,38.1207722178269,25.9006085867372,51.6881493195096,38.7943789531234,38.7943789531234,-1.00339649199452,0.382257063164501,-2.62492596915788,0.0086667808728492,0.0274355805094437
"CAR1",24563.1714631631,22744.8977208729,23287.6096174616,9944.58817675966,10511.5173424018,11712.8516278518,23531.8929338325,10722.9857156711,17127.4393247518,17127.4393247518,1.13387144276669,0.0837007751919476,13.546725704349,8.28438283543811e-42,9.58088874918417e-40
"YGL015C",8.04784461699703,6.99750731974291,2.84596826024054,13.1048805167639,15.710901601972,13.684379770502,5.96377339899349,14.166720629746,10.0652470143697,10.0652470143697,-1.26486371944071,0.702508480217632,-1.80049601543438,0.0717823521881091,0.155122311377543
"YIR040C",33.3410705561305,24.9910975705104,17.0758095614432,3.02420319617628,8.31753614222049,6.84218988525098,25.1359925626947,6.06130974121591,15.5986511519553,15.5986511519553,2.03852290566443,0.630000825323522,3.23574640496319,0.00121325119737386,0.00524532713930043
"ARO4",25308.1719362794,20950.5369153103,21451.9600896065,10665.3566051817,11580.7828220183,11533.9772351374,22570.2229803987,11260.0388874458,16915.1309339222,16915.1309339222,1.00311619410684,0.0929345971140287,10.7937864396833,3.68295799032474e-27,2.28178977632709e-25
"YLR311C",154.058739811086,162.941956159728,111.941418236128,88.7099604211708,68.3886305027018,56.6924304777938,142.980704735647,71.2636738005555,107.122189268101,107.122189268101,1.00415932615513,0.263136886949043,3.81611007790628,0.000135572041673496,0.000772359931997032
"YLR156W",154.058739811086,139.950146394858,135.657820404799,59.4759961914668,79.4786786923291,74.2866330398678,143.222235536914,71.0804359745546,107.151335755734,107.151335755734,1.00737357335772,0.223979754188622,4.49760996035996,6.87216206966842e-06,5.53201074262519e-05
"ARX1",1099.10563626417,887.683785704529,1276.89109276126,2447.58845343867,2696.73005144438,1887.46695263138,1087.89350490998,2343.92848583814,1715.91099537406,1715.91099537406,-1.10729317721293,0.160450642182557,-6.90114518802037,5.1584976419908e-12,1.24720610236147e-10
"SAM1",4588.42112377645,3631.70629894657,4173.13812559938,8874.02024531326,9750.92487072982,7728.74220323992,4131.08851610747,8784.562439761,6457.82547793423,6457.82547793423,-1.08867093119436,0.116146831687032,-9.37322969022426,7.03463232748447e-21,3.19041266146502e-19
"TMA10",11237.0904695041,13288.2664001918,9585.22110049014,4793.3620659394,4282.60694256108,4916.60216040177,11370.1926567287,4664.19038963409,8017.19152318139,8017.19152318139,1.28558310848882,0.121725350780652,10.5613424011029,4.50177317930572e-26,2.64727153315275e-24
"YMC2",2253.39649275917,2216.21053255286,2611.65020681407,1254.0362586811,1076.65884507632,971.590963705639,2360.41907737537,1100.76202248768,1730.59054993153,1730.59054993153,1.10101182033975,0.119634731165853,9.20311191917488,3.47730414572882e-20,1.49869648864673e-18
"YDR183C-A",378.24869699886,309.889609874329,423.100614689094,964.720819580233,863.175417425993,585.495963037905,370.412973854094,804.464066681377,587.438520267736,587.438520267736,-1.11864869837427,0.193834922068714,-5.7711411671098,7.87364770643813e-09,1.20341941486727e-07
"TSR2",486.319753284249,386.862190391501,536.939345098715,1214.7216171308,1107.15647759779,871.890482520553,470.040429591488,1064.58952574972,767.314977670603,767.314977670603,-1.1792728321863,0.162468599281354,-7.25846617378723,3.91504263679623e-13,1.08232991461072e-11
"TDH2",29901.1918284084,31034.9446069626,24178.3976829169,76462.9455443889,74205.3607781614,77181.8568170268,28371.5113727626,75950.054379859,52160.7828763108,52160.7828763108,-1.42064283331228,0.100936747297183,-14.0745850381878,5.44234050868238e-45,6.62533347188544e-43
"PAU3",41.3889151731276,48.9825512382004,28.4596826024054,23.1855578373515,13.8625602370342,4.88727848946498,39.6103830045778,13.9784655212835,26.7944242629307,26.7944242629307,1.50428094486553,0.550498571219848,2.7325791991289,0.00628405612326851,0.0210043667819654
"YCR102W-A",6.89815252885459,3.99857561128166,2.84596826024054,0,0,0.977455697892997,4.5808988001256,0.325818565964332,2.45335868304497,2.45335868304497,3.71368828024169,1.73143366363801,2.14486316064727,0.0319637894485165,0.0800999404056541
"ARO9",2816.74561594896,2940.95236209766,3068.90244062605,1357.86723508315,1448.17545942883,1319.56519215555,2942.20013955756,1375.20262888918,2158.70138422337,2158.70138422337,1.09732622695167,0.0821734979653044,13.3537728601378,1.12598402649366e-40,1.26019405803863e-38
"YGL117W",6819.97346686091,7188.43930518161,6921.394808905,1288.31056157109,1161.68254786346,1389.94200240384,6976.6025269825,1279.9783706128,4128.29044879765,4128.29044879765,2.44677516536479,0.0876655689183824,27.9103323636988,1.99901916411627e-171,6.93559698990141e-168
"FMP23",1446.31264688318,1588.43416158164,1541.56614096363,305.444522813804,331.777275006351,520.006431279074,1525.43764980948,385.742743033076,955.590196421279,955.590196421279,1.9836905885023,0.178496179680425,11.1133503924501,1.08028686138335e-28,7.00571077676549e-27
"GIP1",772.593083231714,828.704795438125,693.467599411945,256.049203942925,266.161156551056,266.845405524788,764.921826027262,263.018588672923,513.970207350092,513.970207350092,1.53953576234018,0.124483018847331,12.3674359490615,3.92140367863248e-35,3.44438229443428e-33
"YDR169C-A",36.7901468205578,41.9850439184575,20.8704339084306,13.1048805167639,12.9383895545652,17.5942025620739,33.2152082158153,14.5458242111343,23.8805162134748,23.8805162134748,1.18838202872485,0.484459440180341,2.45300623780285,0.014166788198019,0.0417246788226035
"MRT4",1579.6769291077,1236.55950778885,1640.2263739853,3545.37421365066,3472.10925403582,2515.97096637657,1485.48760362728,3177.81814468768,2331.65287415748,2331.65287415748,-1.09719258924596,0.15206018526587,-7.21551527329504,5.3730129206059e-13,1.47364967020096e-11
"YOR381W-A",27.5926101154184,37.9864683071758,16.1271534746964,10.0806773205876,10.1658775071584,5.86473418735798,27.2354106324302,8.70376300503465,17.9695868187324,17.9695868187324,1.64293961620223,0.581737542771719,2.82419389399274,0.00473997007608161,0.0166957626182387
"TPO1",2873.08052826794,3669.69276725375,3130.5650862646,1455.64980509285,1308.62568637602,1694.90818014646,3224.44612726209,1486.39455720511,2355.4203422336,2355.4203422336,1.11758541999748,0.12692474855574,8.80510249351949,1.30733060509745e-18,5.27416690044837e-17
"ENP2",862.269066106824,564.798805093535,926.83699675167,1676.41663841372,2012.84374641736,1416.33330624695,784.63495598401,1701.86456369268,1243.24975983834,1243.24975983834,-1.11727426921421,0.185584419663834,-6.02030208806339,1.74091851797692e-09,3.02762746772978e-08
"YHI9",6114.06252474145,6814.57248552678,6444.22079727133,1934.48197782076,1682.91481277595,2107.3944846573,6457.61860251319,1908.263758418,4182.94118046559,4182.94118046559,1.7590512378498,0.10054637716951,17.4949241073524,1.56620968499265e-68,4.02515889043111e-66
"YHR028W-A",63.2330648478338,64.976853683327,54.0733969445703,22.1774901052927,25.8767791091304,30.3011266346829,60.761105158577,26.1184652830353,43.4397852208062,43.4397852208062,1.21596196755725,0.336069817363121,3.6181826059179,0.00029667904767848,0.00153631038197088
"ORT1",3075.42633578101,3388.79283056121,3090.72153062123,1294.35896796345,1110.85316032767,1277.53459714615,3184.98023232115,1227.58224181242,2206.28123706678,2206.28123706678,1.37594639548473,0.0947876031873219,14.5161007264372,9.58073071382848e-48,1.27847481583184e-45
"PKP2",3234.08384394466,3381.79532324147,3019.57232411521,1015.12420618317,916.777317009192,1059.56197651601,3211.81716376711,997.15449990279,2104.48583183495,2104.48583183495,1.68775405924704,0.0931352488469642,18.121539160971,2.15481764072736e-73,5.98091184360286e-71
"SAS10",1084.15963911831,837.701590563509,1218.07441538295,2129.0390501081,2631.11393298908,1695.88563584435,1046.64521502159,2152.01287298051,1599.32904400105,1599.32904400105,-1.039977532724,0.174204663538356,-5.96986045953367,2.37456588180299e-09,4.01962274706694e-08
"YLR286W-A",0,0,16.1271534746964,0,0,0,5.3757178248988,0,2.6878589124494,2.6878589124494,4.91974859929154,2.60693454173529,1.88717764889361,0.0591364355149708,0.132584079495438
"BAP2",13703.1799985696,14552.8159372596,13450.9946539835,6473.81097528135,6349.05258856164,6361.28168188762,13902.3301966043,6394.71508191021,10148.5226392572,10148.5226392572,1.12039858884065,0.0652756788050785,17.1641047531087,4.93026382981319e-66,1.14037002383579e-63
"CPA1",20714.0023520622,18905.2654901397,18083.2823255684,5142.15350123173,5026.56434194858,4717.2011980316,19234.1833892568,4961.97301373731,12098.078201497,12098.078201497,1.95461606813119,0.0805969140768245,24.2517482278299,6.33723713158025e-130,1.09935221140088e-126
"YOR394C-A",24.1435338509911,8.99679512538374,17.0758095614432,6.04840639235255,6.4691947772826,9.77455697892997,16.7387128459394,7.43071938285504,12.0847161143972,12.0847161143972,1.16544917274339,0.66995595193192,1.73959074381329,0.0819309057185479,0.171965685051725
"ALD5",16690.0800435637,15892.338767039,17200.0835088071,5761.10708871581,6256.63552031475,6404.28973259491,16594.1674398032,6140.67744720849,11367.4224435059,11367.4224435059,1.43415764682621,0.0744102726884618,19.2736512716556,8.94005419124766e-83,3.26500189647724e-80
"RIB5",10781.8124025997,14082.983302934,12140.9005981862,6113.93079493637,4413.83917947167,5017.28009728475,12335.23210124,5181.68335723093,8758.45772923545,8758.45772923545,1.25144012448514,0.135025481870202,9.26817743696801,1.89353700811995e-20,8.3689511460792e-19
"HIS7",8498.52391554886,7838.20784201488,8148.00712906867,3711.70538944035,4009.97659123275,3992.90652589289,8161.57962887747,3904.862835522,6033.22123219973,6033.22123219973,1.06338523758601,0.0728905544258251,14.5887933760763,3.31000201946778e-48,4.50354980648764e-46
"DRS1",1438.26480226618,1040.62930283605,1668.6860565877,3011.09831565951,3292.82014163685,2187.54585188453,1382.52672056331,2830.4881030603,2106.5074118118,2106.5074118118,-1.0337264525259,0.182823531258238,-5.65423086082811,1.56545684069276e-08,2.23123361888838e-07
"FAF1",365.602084029293,244.912756191002,437.330455990297,779.236356881421,976.848411369673,551.28501361165,349.281765403531,769.123260620915,559.202513012223,559.202513012223,-1.13884557014192,0.235252458367976,-4.84095077281007,1.29219382946919e-06,1.20356147418613e-05
"FIG1",4.59876835256973,2.99893170846125,0,11.0887450526464,16.635072284441,18.5716582599669,2.53256668701033,15.4318251990181,8.98219594301421,8.98219594301421,-2.65231049107308,0.906542093394991,-2.92574444187165,0.00343633094558437,0.0128059615635929
"NUG1",1227.87115013612,873.688771065044,1260.76393928656,2407.26574415632,3134.78695493466,2114.23667454255,1120.77462016257,2552.09645787784,1836.43553902021,1836.43553902021,-1.18747148684044,0.170961804776065,-6.94582914818813,3.7624389433602e-12,9.29094798148628e-11
"FIT3",8644.53481074295,13398.227229502,8385.17115075538,3657.26973190918,4542.29890433486,5299.76479397583,10142.6443970001,4499.77781007329,7321.2111035367,7321.2111035367,1.17250696962885,0.277066127824083,4.23186687899037,2.31759572888623e-05,0.000161463822919092
"FIT2",14192.9488281183,23267.711482048,11788.0005339163,3657.26973190918,4115.33204903421,5048.55867961733,16416.2202813609,4273.72015352024,10344.9702174406,10344.9702174406,1.94155541070038,0.336677576568202,5.76680939221108,8.07863319715085e-09,1.23203595065999e-07
"snR191",12.6466129695668,21.9921658620492,13.2811852144559,59.4759961914668,51.7535582182608,72.3317216440818,15.9733213486906,61.1870920179365,38.5802066833135,38.5802066833135,-1.93239499039564,0.39941645233298,-4.83804555147535,1.31122095152452e-06,1.21801367906675e-05
"NOG2",1495.7494066733,1385.5064493091,1886.87695653948,3740.93935367006,3430.52157332472,2400.6311940252,1589.37760417396,3190.69737367332,2390.03748892364,2390.03748892364,-1.00512967966493,0.168125002337984,-5.97846641301036,2.25248041079562e-09,3.84974422918985e-08
"HOM3",16169.2695276352,15296.551000958,15369.1772613857,4845.78158800646,4825.09513317035,5282.17059141375,15611.6659299929,4984.34910419685,10298.0075170949,10298.0075170949,1.6471171002777,0.0713889281663752,23.0724447415574,8.75730003166713e-118,1.21533809839476e-114
"HIS1",31342.905706939,29740.4057528102,29723.2925099522,13714.7614946594,14090.830395604,14615.895050594,30268.8679899005,14140.4956469525,22204.6818184265,22204.6818184265,1.09795974539321,0.0639452306593906,17.170314878393,4.43010217835177e-66,1.06001651777872e-63
"tE(UUC)J",12.6466129695668,9.99643902820416,10.4352169542153,7.05647412441131,2.77251204740683,2.93236709367899,11.0260896506621,4.25378442183238,7.63993703624723,7.63993703624723,1.37969389466077,0.801698264399446,1.72096405334531,0.0852573470260025,0.177604542483768
"YMR082C",6.89815252885459,1.99928780564083,2.84596826024054,0,0.924170682468944,0,3.91446953157866,0.308056894156314,2.11126321286748,2.11126321286748,3.48444179025517,1.82484248066141,1.90944798095244,0.0562043261923972,0.127493239440681
"DCS2",6626.82519605298,7490.33176383338,6098.90998169548,3456.66425322948,2803.93385061077,3716.28656338917,6738.68898052728,3325.62822240981,5032.15860146854,5032.15860146854,1.01895312922239,0.122124788105106,8.34354061147214,7.20986659958157e-17,2.67536172911746e-15
"PLM2",1741.78351353578,1516.45980057857,1524.49033140218,678.429583675545,726.39815642059,735.046684815533,1594.24454850551,713.291474970556,1153.76801173803,1153.76801173803,1.15938895446309,0.100332434149665,11.5554751989137,6.9263287381566e-31,5.00643699104882e-29
"PHO92",14.9459971458516,16.9939463479471,22.7677460819243,61.4921316555843,29.5734618390062,19.5491139578599,18.235896525241,36.8715691508168,27.5537328380289,27.5537328380289,-1.00875687935574,0.528246785417915,-1.90963183724379,0.0561806329057066,0.127481167996304
"YDL022C-A",14.9459971458516,14.9946585423062,20.8704339084306,3.02420319617628,6.4691947772826,2.93236709367899,16.9370298655295,4.14192168904596,10.5394757772877,10.5394757772877,2.02506367868385,0.721268193409534,2.8076431169259,0.00499054990611462,0.0174104704869428
"DUR3",4666.60018577013,4560.37548466674,6362.6363738111,1060.48725412581,1033.22282300028,1476.93555951632,5196.53734808266,1190.21521221414,3193.3762801484,3193.3762801484,2.12653299221735,0.164317311359879,12.941624802757,2.62028479027146e-38,2.56086706474558e-36
"YBL008W-A",6.89815252885459,4.99821951410208,6.64059260722793,16.1290837129401,21.2559256967857,11.729468374716,6.1789882167282,16.3714925948139,11.2752404057711,11.2752404057711,-1.41029144760044,0.662076985439709,-2.13010190448444,0.0331632011416899,0.0826281697386666
"CAN1",16659.0383571838,16717.0449868658,20342.9811241994,5598.80818385435,5128.22311702017,6233.23498546364,17906.3548227497,5653.42209544605,11779.8884590979,11779.8884590979,1.6633754152851,0.109391705667447,15.2056813186713,3.24239724572421e-52,5.11340783820007e-50
"GAT1",7866.19326707052,7792.22422248514,9103.30380842274,2567.54851355366,2376.96699531012,3031.09011916618,8253.90709932614,2658.53520934332,5456.22115433473,5456.22115433473,1.63461869873744,0.111386339063166,14.6752170193013,9.29177991990211e-49,1.34324293467085e-46
"PCK1",1272.70914157367,921.671678400424,1498.87661706002,539.316236651436,505.521363310512,355.793874033051,1231.0858123447,466.877157998333,848.981485171519,848.981485171519,1.3989141506321,0.196873946501911,7.10563370871684,1.19771684903838e-12,3.13621026999143e-11
"MF(ALPHA)1",1.14969208814243,6.99750731974291,3.79462434698739,16.1290837129401,14.7867309195031,13.684379770502,3.98060791829091,14.8667314676484,9.42366969296966,9.42366969296966,-1.87861365196532,0.779814563411007,-2.40905176706116,0.0159940291583753,0.0455033080483665
"HSP78",16287.6878127138,16911.9755479158,14934.6927736556,7141.15181390425,7039.40808836594,8302.50869790311,16044.7853780951,7494.35620005777,11769.5707890764,11769.5707890764,1.09821821942679,0.0925392375832164,11.8675952829114,1.74408958006882e-32,1.40723692977878e-30
"UGA3",5349.51728612674,4863.26758722132,5598.96822397989,1229.84263311169,1208.81525266938,1456.40898986057,5270.58436577598,1298.35562521388,3284.46999549493,3284.46999549493,2.02138732621108,0.102468068525938,19.7269974470085,1.26461915036608e-86,5.48449517774388e-84
"YNL103W-A",257.531027743905,271.903141567153,252.342519074661,80.6454185647007,77.6303373273913,97.7455697892997,260.592229461906,85.3404418937972,172.966335677852,172.966335677852,1.61114707252019,0.18443824247746,8.73542846038065,2.4273429207232e-18,9.68007616488408e-17
"LEU4",18925.0814629126,17828.6490068021,16806.3912328071,6257.07641288872,6257.55969099722,6692.63916347335,17853.3739008406,6402.42508911976,12127.8994949802,12127.8994949802,1.47943634571531,0.0756510916164359,19.5560475613003,3.66402014718116e-85,1.49556681184059e-82
"SPR2",25.2932259391335,19.9928780564083,29.4083386891523,7.05647412441131,8.31753614222049,12.706924072609,24.8981475615647,9.36031144641359,17.1292295039891,17.1292295039891,1.41188088403555,0.54419554193969,2.59443669641825,0.00947460594509914,0.0296012114601724
"GPP1",18259.4097438781,17267.8487773199,16778.8802062915,38666.4539985778,37868.8178848474,31869.9430298012,17435.3795758298,36135.0716377421,26785.225606786,26785.225606786,-1.05142316067744,0.0924491523075271,-11.3729886584566,5.70017886311858e-30,3.95535411311799e-28
"MEI5",12.6466129695668,8.99679512538374,5.69193652048108,15.1210159808814,21.2559256967857,21.5040253536459,9.11178153847719,19.2936556771043,14.2027186077908,14.2027186077908,-1.09795529187275,0.593714424405911,-1.84929866403599,0.064414698563932,0.141941439611027
"VHR1",3797.43296713445,3895.61228929116,3554.61435704044,1692.54572212666,1713.41244529742,1902.12878809977,3749.21987115535,1769.36231850795,2759.29109483165,2759.29109483165,1.08326411450002,0.0851800735251722,12.7173418578923,4.73701992129268e-37,4.3250238465592e-35
"YER084W-A",6.89815252885459,0.999643902820416,0,13.1048805167639,12.9383895545652,7.81964558314397,2.63259881055834,11.287638551491,6.96011868102468,6.96011868102468,-2.15695170027036,1.07068423039901,-2.0145544680961,0.0439513523311015,0.104516255594761
"YER084W",52.8858360545519,0,52.1760847710766,0,0,0,35.0206402752095,0,17.5103201376047,17.5103201376047,7.61763022457815,3.90938209246706,1.9485509587964,0.0513490735897473,0.118849640306623
"CLD1",1783.17242870891,1895.32483974751,1828.06027916117,738.91364759907,731.019009832934,743.843786096571,1835.5191825392,737.925481176192,1286.7223318577,1286.7223318577,1.31493499288433,0.0833155458302999,15.7825887087464,4.10021017146766e-56,6.93935570239368e-54
"YJL133C-A",641.528185183477,548.804502648408,522.709503797513,209.678088268222,224.573475839953,137.821253402913,571.014063876466,190.690939170363,380.852501523414,380.852501523414,1.58090533504043,0.18975722210268,8.33119982218638,8.00271247701524e-17,2.93813872370417e-15
"PTR2",2194.7621962639,2296.1820447785,2088.94070301656,938.511058546705,836.374467634394,1038.05795116236,2193.29498135299,937.647825781154,1565.47140356707,1565.47140356707,1.22627457200111,0.104399028259612,11.7460343495889,7.40113486461816e-32,5.7062749806206e-30
"ODC2",10052.9076187174,10502.2588430313,10665.7403832948,3801.42341759358,3513.69693474692,4365.31714679012,10406.9689483478,3893.47916637688,7150.22405736236,7150.22405736236,1.4185498132019,0.0943411784266555,15.0363800501467,4.24116582511116e-51,6.5398777023214e-49
"snR35",181.651349926504,209.925219592287,145.144381272268,59.4759961914668,33.270144568882,81.1288229251187,178.90698359702,57.9583212284892,118.432652412754,118.432652412754,1.62823467055937,0.311402667624419,5.22871137546958,1.70695600580311e-07,1.94811969149141e-06
"SUT1",987.585503714349,842.699810077611,967.629208481784,449.598208498207,434.360220760403,442.787431145527,932.638174091248,442.248620134712,687.44339711298,687.44339711298,1.07620955451076,0.11138680443095,9.66191246807795,4.3761682243851e-22,2.09422284889712e-20
"URA7",1704.99336671523,1171.58265410553,1913.43932696839,3788.31853707682,4135.66380404852,2750.56033387089,1596.67178259638,3558.18089166541,2577.4263371309,2577.4263371309,-1.1561091005986,0.185296474059758,-6.23923961027858,4.39703028032046e-10,8.47527586531769e-09
"CPA2",39345.9123324985,35642.3033550619,36736.7069592717,5369.97680867701,5774.21842406596,7307.45879744804,37241.6408822773,6150.551343397,21696.0961128372,21696.0961128372,2.59811169030143,0.116295097566668,22.3406811178091,1.48757837596909e-110,1.29028829385619e-107
"YJR111C",1868.24964323145,1615.42454695779,1844.18743263587,828.6316757523,681.113792979611,758.505621564965,1775.95387427504,756.083696765626,1266.01878552033,1266.01878552033,1.23236018309604,0.110983796991119,11.1039648715087,1.19999677744879e-28,7.70997929510848e-27
"YOR366W",25.2932259391335,21.9921658620492,27.5110265156586,19.1532869091164,6.4691947772826,7.81964558314397,24.9321394389471,11.1473757565143,18.0397575977307,18.0397575977307,1.16900126570435,0.57337406394787,2.03881085526504,0.0414689085026376,0.0997755742371021
"BSC5",1184.18285078671,1246.55594681706,1181.07682799982,502.017730565262,528.625630372236,594.293064318942,1203.93854186786,541.64547508548,872.792008476671,872.792008476671,1.15232102218147,0.10442424746908,11.0349947460495,2.59066649615028e-28,1.6342395287988e-26
"BDF2",3008.74419466874,2752.01966446461,3205.5089171176,6333.68956052518,6368.46017289349,6184.36220056899,2988.75759208365,6295.50397799589,4642.13078503977,4642.13078503977,-1.07469193327968,0.0809180193868359,-13.2812436762943,2.97413060388249e-40,3.22460816567821e-38
"STR3",870.316910723821,1026.63428819657,857.58510241915,303.428387349686,252.298596314022,275.642506805825,918.178767113179,277.123163489844,597.650965301512,597.650965301512,1.72942441553281,0.131755288655271,13.1260341287532,2.33572312155756e-39,2.45569435461938e-37
"YCR087W",565.648507366077,333.881063542019,493.30116510836,889.115739675826,1164.45505991087,774.144912731253,464.276912005485,942.571904105983,703.424408055734,703.424408055734,-1.02286408798075,0.203684694712902,-5.02180141430113,5.118909441318e-07,5.17785898153143e-06
"BMT5",262.129796096475,153.945161034344,221.036868212015,584.67928459408,563.744116306056,428.125595677133,212.370608447611,525.516332192423,368.943470320017,368.943470320017,-1.30945784242742,0.206659653046701,-6.33630136856714,2.3534624413111e-10,4.67927675652085e-09
"YIL100C-A",70.1312173766884,24.9910975705104,62.6113017252919,30.2420319617628,28.6492911565372,18.5716582599669,52.5778722241636,25.8209937927557,39.1994330084596,39.1994330084596,1.02330571561864,0.460827932754113,2.22058092160973,0.0263793591880839,0.0683863629426857
"AGP1",36070.4395733807,36510.9939066129,45852.3432968221,15982.9138917916,13716.5412692041,18211.9545631423,39477.9255922719,15970.469908046,27724.1977501589,27724.1977501589,1.30568078537723,0.127368071412496,10.2512409185237,1.16833832925722e-24,6.4856797333727e-23
"YEL067C",1050.81856856218,817.7087125071,1074.82734628418,375.001196325858,425.118513935714,525.871165466432,981.11820911782,441.996958576002,711.557583846911,711.557583846911,1.1500852400694,0.159561601378644,7.20778201103795,5.68705741709565e-13,1.54150357098542e-11
"YOR186W",216.142112570777,169.939463479471,177.39868822166,79.637350832642,43.4360220760403,86.0161014145837,187.826754757303,69.6964914410887,128.761623099196,128.761623099196,1.43188614202427,0.271505043715995,5.27388413278273,1.33566252845155e-07,1.56556795353468e-06
"SIP4",489.768829548676,435.844741629701,440.176424250537,162.29890486146,144.170626465155,191.581316787027,455.263331809638,166.016949371214,310.640140590426,310.640140590426,1.45546458042418,0.156649884867488,9.29119470247535,1.52566082428858e-20,6.83003900628286e-19
"ARO1",14911.5063832073,13180.3048586872,12154.1817834006,5441.54961765318,6272.34642191672,6205.86622592264,13415.3310084317,5973.25408849751,9694.29254846461,9694.29254846461,1.16712778655143,0.100534469085394,11.6092301194734,3.6993128838274e-31,2.73080128732748e-29
"ARO8",25188.6039591125,23684.5629895241,24955.3470179626,10096.8064043005,10769.3609628106,11859.4699825357,24609.5046555331,10908.5457832156,17759.0252193743,17759.0252193743,1.17373070290189,0.081630115798728,14.3786480200017,7.04574945830591e-47,9.05378805392309e-45
"NAT4",65.5324490241186,46.9832634325596,42.6895239036081,143.145617952344,170.047405574286,126.091785028197,51.7350787867621,146.428269518275,99.0816741525187,99.0816741525187,-1.5096881446443,0.262586296534994,-5.74930285611121,8.96121740398005e-09,1.35178016448299e-07
"PPM2",97.7238274921067,60.9782780720454,103.403513455406,213.710359196457,195.000014000947,153.4605445692,87.3685396731861,187.390305922202,137.379422797694,137.379422797694,-1.10160806080143,0.252710729813401,-4.35916615655715,1.30558958624926e-05,9.83657561236009e-05
"RRP36",342.608242266445,331.881775736378,478.122667720411,948.591735867292,877.962148345496,551.28501361165,384.204228574411,792.61296594148,588.408597257945,588.408597257945,-1.04366972971178,0.21356092358743,-4.88698827566416,1.02390188765812e-06,9.78630192625301e-06
"HXT1",2758.11131945369,2696.03960590666,2639.16123332973,8889.14126129414,9850.73530443647,7071.89197425583,2697.77071956336,8603.92284666215,5650.84678311275,5650.84678311275,-1.67334059568408,0.119218814066111,-14.0358768772533,9.40261794360726e-45,1.12490975708088e-42
"AHT1",11.4969208814243,10.9960829310246,13.2811852144559,25.201693301469,22.1800963792546,37.1433165199339,11.9247296756349,28.1750354002192,20.049882537927,20.049882537927,-1.23737499426601,0.502229997261986,-2.46376162517537,0.0137487514933891,0.0406834058049582
"ACO2",11519.9147231872,11220.0031652563,14347.4746559593,3830.65738182328,3963.7680571093,4098.47174126534,12362.4641814676,3964.29906006597,8163.38162076679,8163.38162076679,1.64090267673627,0.106017095297783,15.477717740967,4.9056979532424e-54,8.10491383274976e-52
"EFG1",575.995736159359,591.789190469686,702.954160279414,2568.55658128572,1629.31291319275,924.673090206775,623.579695636153,1707.51419489508,1165.54694526562,1165.54694526562,-1.45309828000252,0.411896875539257,-3.5278205936865,0.000418996033786797,0.00206199537478481
"ADH5",7867.34295915866,8346.02694464765,7875.74283217232,2203.63606228045,2037.79635484402,2432.88723205567,8029.70424532621,2224.77321639338,5127.2387308598,5127.2387308598,1.85187204904766,0.0873783662690962,21.19371336544,1.09141071470646e-99,5.82561457642163e-97
"RTC2",4054.96399487836,5475.04965574742,5245.11950362332,764.115340900539,535.094825149518,762.415444356537,4925.0443847497,687.208536802198,2806.12646077595,2806.12646077595,2.84207602439772,0.156086649718202,18.2083222974469,4.43324817949432e-74,1.28176287989629e-71
"YSW1",868.017526547536,873.688771065044,922.093716317935,195.565140019399,201.46920877823,225.792266213282,887.933337976838,207.608871670304,547.771104823571,547.771104823571,2.09689325226977,0.119451237852616,17.5543869612888,5.50582263457569e-69,1.46941935620464e-66
"YKL096C-B",29.8919942917032,45.9836195297391,33.2029630361396,23.1855578373515,9.24170682468944,6.84218988525098,36.359525619194,13.0898181824306,24.7246719008123,24.7246719008123,1.48156964885695,0.542317053992434,2.73192524179338,0.00629654264470644,0.0210258466850905
"SPO21",449.529606463691,532.810200203282,466.738794679449,226.815239713221,225.497646522422,195.491139578599,483.026200448807,215.934675271414,349.480437860111,349.480437860111,1.16200794904833,0.143369591952856,8.10498190878879,5.27533661723996e-16,1.78563711156235e-14
"YOL085C",59.7839885834065,94.9661707679395,56.9193652048108,28.2258964976453,30.4976325214751,31.2785823325759,70.5565081853856,30.0007037838988,50.2786059846422,50.2786059846422,1.23442813861446,0.346380790713504,3.56378925075977,0.000365539477315829,0.00183669691027845
"YOL085W-A",78.1790619936854,90.9675951566579,92.0196404144442,42.3388447464679,33.270144568882,37.1433165199339,87.0554325215958,37.5841019450946,62.3197672333452,62.3197672333452,1.21576419105802,0.282502319732599,4.30355471844903,1.68079311413434e-05,0.000122253914245054
"OPT2",1585.42538954841,1413.49647858807,1548.20673357085,569.558268613199,486.113778978664,555.194836403222,1515.70953390245,536.955627998362,1026.3325809504,1026.3325809504,1.49759107128007,0.106285310982694,14.0902920397336,4.35755856713266e-45,5.39948194595241e-43
"IMD4",3048.98341775373,2321.17314234901,3065.10781627906,6007.07561533815,6818.53129525587,5135.5522367298,2811.75479212727,5987.05304910794,4399.4039206176,4399.4039206176,-1.09052141527076,0.136205051974482,-8.00646818500584,1.18049670329688e-15,3.90069839246526e-14
"snR54",3.4490762644273,4.99821951410208,10.4352169542153,20.1613546411752,25.8767791091304,18.5716582599669,6.2941709109149,21.5365973367575,13.9153841238362,13.9153841238362,-1.75471651454397,0.64158887205068,-2.73495472098113,0.00623888573735978,0.0208835639804822
"MAK5",674.869255739608,408.85435625355,701.05684810592,1275.20568105433,1510.09489515425,1095.72783733805,594.926820033026,1293.67613784888,944.301478940952,944.301478940952,-1.12113511534875,0.195586991953508,-5.73215582565557,9.91621064280253e-09,1.47975453011627e-07
"RRP5",1947.57839731328,1123.59974677015,1651.61024702626,2855.85588492246,4075.59270968804,2718.30429584042,1574.26279703656,3216.58429681698,2395.42354692677,2395.42354692677,-1.03130672489498,0.196977279914947,-5.23566334828201,1.64393358214863e-07,1.88549671512882e-06
"SDT1",6917.69729435301,6873.55147579318,7635.73284222537,2312.50737734279,2190.2845174514,2302.8856242359,7142.32720412386,2268.55917301003,4705.44318856694,4705.44318856694,1.65486418706442,0.0777731711820526,21.2780855134566,1.81191096135562e-100,1.04773751340389e-97
"FSH1",1191.08100331556,1110.60437603348,1167.79564278537,2832.67032708511,2778.05707150164,2530.63280184497,1156.4936740448,2713.78673347724,1935.14020376102,1935.14020376102,-1.23083773554078,0.0861906407269011,-14.2804105545606,2.89888587832254e-46,3.65733983812365e-44
"YGR160W",344.90762644273,180.935546410495,421.2033025156,913.309365245236,745.805740752437,597.225431412621,315.682158456275,752.113512470098,533.897835463187,533.897835463187,-1.25228064904835,0.259553455913521,-4.82475043393599,1.40178681271143e-06,1.29866471207004e-05
"RTS3",4797.66508381837,4904.25298723696,4478.60538553187,1706.65867037548,1670.90059390385,2090.77773779312,4726.84115219573,1822.77900069082,3274.81007644327,3274.81007644327,1.37475388470661,0.10505331754202,13.0862491244669,3.94619047294285e-39,4.0869575659329e-37
"NSR1",2194.7621962639,1659.40887868189,2605.00961420684,8033.29175677625,7079.14742771211,4722.08847652107,2153.06022971755,6611.50922033647,4382.28472502701,4382.28472502701,-1.61851855287521,0.192724220563503,-8.39810662169422,4.53735120167862e-17,1.72047431630863e-15
"RDN5-6",47.1373756138397,49.9821951410208,27.5110265156586,51.4114543349967,21.2559256967857,183.761671203883,41.5435324235064,85.4763504118886,63.5099414176975,63.5099414176975,-1.04187463312908,0.611840893859026,-1.70285223427569,0.0885957248281189,0.182639849846202
"TOD6",395.494078320997,234.916317162798,451.560297291499,876.010859159062,947.274949530667,482.86311475914,360.656897591765,768.71630781629,564.686602704027,564.686602704027,-1.09188720946655,0.399961909596478,-2.72997798857435,0.00633385544198391,0.0211301071691954
"GFD2",346.057318530872,248.911331802284,487.609228587879,1177.42311104463,1001.80101979633,577.676317454761,360.859292973678,918.966816098576,639.913054536127,639.913054536127,-1.34828981857738,0.404647892512872,-3.3320075144948,0.000862219280317746,0.00388502570527587
"DHR2",147.160587282231,85.9693756425558,176.450032134914,443.549802105854,521.232264912484,371.433165199339,136.5266650199,445.405077405892,290.965871212896,290.965871212896,-1.70590006773345,0.243955036492036,-6.99268230844308,2.69679726264764e-12,6.82958985602627e-11
"SNQ2",25234.5916426382,26851.4348736592,23242.0741252978,11716.771249719,11419.9771232687,12624.8177939859,25109.3668805317,11920.5220556579,18514.9444680948,18514.9444680948,1.07477441362316,0.0824331523697929,13.0381331142324,7.42529820119594e-39,7.57708003207333e-37
"TMT1",8332.96825485635,10259.3453746459,8877.52365977699,1613.91643902607,1596.04276862387,2056.56678836687,9156.61242975976,1755.50866533893,5456.06054754935,5456.06054754935,2.38304253074346,0.122788833901067,19.4076485217174,6.65016126048596e-84,2.56363716591734e-81
"HIS4",77163.8838798556,67244.0460549237,70395.9735731365,17848.8472638324,19806.8260666744,23339.687154289,71601.3011693053,20331.7868282653,45966.5439987853,45966.5439987853,1.816232248472,0.108718280047587,16.7058589197421,1.1880487003547e-62,2.28996386993369e-60
"GSC2",4122.79582807876,3072.90535726996,3077.44034540677,7265.14414494748,8159.5029555183,7196.02884788824,3424.38051025183,7540.22531611801,5482.30291318492,5482.30291318492,-1.1392403712197,0.124723370670887,-9.13413713157147,6.59304311391987e-20,2.82402013379568e-18
"SDA1",997.932732507631,621.778507554299,1090.95449975887,1762.10239563871,2317.82007163211,1495.50721777628,903.555246606935,1858.47656168237,1381.01590414465,1381.01590414465,-1.04064840305971,0.20599147746476,-5.05190028183442,4.37436071024641e-07,4.4769452755752e-06
"SYO1",571.396967806789,381.863970877399,568.244995961361,1329.6413385855,1405.66360803526,828.882431813261,507.16864488185,1188.06245947801,847.615552179929,847.615552179929,-1.22852511466061,0.210075983397001,-5.84800363561286,4.9750768277548e-09,7.86379455758328e-08
"MEP2",26126.7527030368,26993.3843078597,41516.0363243023,3345.77680270302,2895.4267481752,4222.60861489775,31545.3911117329,3487.93738859199,17516.6642501625,17516.6642501625,3.17701286049902,0.279240820586128,11.3773224624912,5.42395114610348e-30,3.80169666695071e-28
"AAH1",1027.82472679933,718.743966127879,980.91039369624,2596.78247778336,2775.28455945424,1532.65053429622,909.159695541151,2301.57252384461,1605.36610969288,1605.36610969288,-1.34033000596451,0.205323153185999,-6.52790484252073,6.66960451609743e-11,1.43282927978948e-09
"TRP5",17632.8275558405,17171.8829626491,17613.6975626287,6954.65928347338,7461.75409025425,8752.13831893389,17472.8026937061,7722.85056422051,12597.8266289633,12597.8266289633,1.1778898531176,0.0954356732207756,12.342238634318,5.36433264666253e-35,4.59544496730757e-33
"TRM11",758.796778174005,555.802009968151,853.790478072162,1660.28755470078,1612.67784090831,1085.95328035912,722.79642207144,1452.9728919894,1087.88465703042,1087.88465703042,-1.00731905829132,0.18943823247174,-5.31740106074726,1.05259886420436e-07,1.27247099629164e-06
"YOL118C",363.302699853009,443.841892852265,351.95140818308,169.355378985872,148.7914798775,120.227050840839,386.365333629451,146.12463656807,266.244985098761,266.244985098761,1.40349347396659,0.182269122291131,7.70011648887436,1.35942245619064e-14,4.23005938273849e-13
"MCH4",3251.3292252668,3653.69846480862,3509.07886487659,1205.64900754228,1162.60671854593,1184.67630584631,3471.36885165067,1184.31067731151,2327.83976448109,2327.83976448109,1.55188043702382,0.0820832868441628,18.9061683162141,1.01467078854226e-79,3.52040030084737e-77
"MRS4",3092.67171710314,3412.7842842289,2945.57714934896,1379.03665745638,1358.53090322935,1701.75037003171,3150.34438356033,1479.77264357248,2315.05851356641,2315.05851356641,1.09020347466756,0.113281529749444,9.62384138949109,6.34175572002857e-22,2.99356754702573e-20
"MET28",423.086688436415,477.829785548159,365.232593397536,109.879382794405,285.568740882904,223.837354817496,422.04968912737,206.428492831602,314.239090979486,314.239090979486,1.03020338757403,0.278691477783103,3.69657298374873,0.000218529455832473,0.00117548518916398
"SOL4",4612.56465762744,5039.20491411772,4415.04542771983,2288.31375177338,1935.21340908997,2504.24149800186,4688.93833315499,2242.58955295507,3465.76394305503,3465.76394305503,1.06428105439203,0.110295877180067,9.64932762313958,4.94790764566296e-22,2.3516117228257e-20
"DUR1,2",24524.0819321662,18460.4239533846,23155.7464214038,9563.53857404145,8218.64987919631,12405.8677176579,22046.7507689849,10062.6853902986,16054.7180796417,16054.7180796417,1.13155537568621,0.152127847860889,7.43818696969237,1.02076520020032e-13,2.93904137933195e-12
"MET13",2463.79014488923,2421.13753263105,2324.20741252978,1246.97978455668,1182.93847356025,1075.2012676823,2403.04503001668,1168.37317526641,1785.70910264155,1785.70910264155,1.04026052603729,0.0891238108531173,11.6720830951867,1.77034535572835e-31,1.3352637416738e-29
"AAT2",20020.7380229123,20107.8371052327,19277.6403387827,9135.10978791648,8998.6499352001,10058.0191313189,19802.0718223092,9397.25961814517,14599.6657202272,14599.6657202272,1.07533883354011,0.0725230177255806,14.8275522346447,9.72136212247207e-50,1.46644634277899e-47
"GAP1",40450.7664292033,41503.215557298,55957.4279328495,10695.5986371434,8464.47928073305,12795.8725411172,45970.469973117,10651.9834863312,28311.2267297241,28311.2267297241,2.10962906847852,0.159209648953168,13.2506357645388,4.47397030250736e-40,4.77613537370747e-38
"LYS1",16045.1027821158,17392.8042651724,19044.270941443,3913.3189358521,3523.86281225408,4197.19476675253,17494.0593295771,3878.1255049529,10686.092417265,10686.092417265,2.1735946491234,0.0974590657038025,22.3026419700081,3.48317381199422e-110,2.68552700904755e-107
"RDN5-1",27.5926101154184,45.9836195297391,49.330116510836,78.6292831005832,43.4360220760403,148.573266079736,40.9687820519978,90.212857085453,65.5908195687254,65.5908195687254,-1.13331898529651,0.446680812579372,-2.53720095732817,0.0111742789848704,0.0341735734864808
"IMD1",28.7423022035608,33.9878926958941,85.3790478072162,12.0968127847051,2.77251204740683,45.9404178009708,49.3697475688904,20.2699142110276,34.819830889959,34.819830889959,1.28861578371085,0.755949600529351,1.70463187335306,0.0882631029769362,0.182224835333817
"NOP7",2501.72998379793,1698.39499089189,2835.53304328633,4856.8703330591,6000.64024127085,3999.74871577814,2345.21933932538,4952.41976336936,3648.81955134737,3648.81955134737,-1.07845233464885,0.18475056014017,-5.83734270591996,5.30399274276057e-09,8.34567021360898e-08
"SHC1",1111.75224923373,1126.59867847861,1211.43382277572,426.412650660855,469.478706694223,387.072456365627,1149.92825016269,427.654604573568,788.791427368128,788.791427368128,1.42679311148061,0.112017995778038,12.7371776433831,3.6744857171317e-37,3.39963418549025e-35
"YDR340W",3.4490762644273,8.99679512538374,18.0244656481901,32.2581674258803,33.270144568882,15.6392911662879,10.156779012667,27.0558677203501,18.6063233665086,18.6063233665086,-1.39471498182719,0.6450977410317,-2.16202118394746,0.0306165433741793,0.0773225725407898
"YGL138C",0,2.99893170846125,2.84596826024054,13.1048805167639,7.39336545975155,2.93236709367899,1.94829998956726,7.81020435673147,4.87925217314937,4.87925217314937,-1.96688023732265,1.16340952345533,-1.69061727420023,0.0909099232813728,0.18657910607792
"RRP8",584.043580776355,435.844741629701,717.184001580616,1353.83496415491,1411.20863213008,1022.41865999607,579.024107995558,1262.48741876036,920.755763377956,920.755763377956,-1.12427482395205,0.184562161777831,-6.09157810638027,1.11803012827034e-09,2.00465402068937e-08
"SHM2",9733.29321821383,5159.16218245617,6047.68255301115,15530.2914800972,21315.0726204637,16201.3281925764,6980.04598456038,17682.2307643791,12331.1383744698,12331.1383744698,-1.34105714277826,0.325446542310797,-4.12066796978771,3.77775528748787e-05,0.000248708196773039
"SUP17",43.6882993494124,53.9807707523025,56.9193652048108,28.2258964976453,19.4075843318478,15.6392911662879,51.5294784355086,21.0909239985937,36.3102012170511,36.3102012170511,1.2942175125946,0.388106767150842,3.33469452773439,0.000853931495599541,0.00385502243749474
"RNR3",1035.87257141633,909.675951566579,922.093716317935,393.146415502916,358.57822479795,449.629621030778,955.880746433615,400.451420443882,678.166083438748,678.166083438748,1.25503379587924,0.124810357837477,10.055525980572,8.68563642659594e-24,4.46441712327031e-22
"CDA1",26.4429180272759,18.9932341535879,8.53790478072162,3.02420319617628,8.31753614222049,6.84218988525098,17.9913523205285,6.06130974121591,12.0263310308722,12.0263310308722,1.55519004705135,0.724954442585233,2.14522452128915,0.0319348999373231,0.0800564561651318
"ARG7",22952.4528476755,23179.7428185998,22181.4766203148,4561.50648756589,4403.67330196452,5676.08523766463,22771.22409553,4880.42167573168,13825.8228856309,13825.8228856309,2.22216721489995,0.104241601849312,21.3174699493992,7.81718906632668e-101,4.93122499374917e-98
"RRT5",60.9336806715489,34.9875365987146,41.7408678168613,22.1774901052927,14.7867309195031,16.6167468641809,45.8873616957083,17.8603226296589,31.8738421626836,31.8738421626836,1.35950172986981,0.424729072788184,3.20086807560688,0.00137014248234131,0.00580074355397582
"MEP1",6933.79298358701,6675.62198303474,7656.6032761338,3009.0821801954,3258.62582638549,3811.09976608479,7088.67274758518,3359.60259088856,5224.13766923687,5224.13766923687,1.0772592306953,0.106188828923035,10.1447510215608,3.496689211303e-24,1.82432529603245e-22
"YMR175W-A",12.6466129695668,4.99821951410208,8.53790478072162,32.2581674258803,15.710901601972,9.77455697892997,8.72757908813015,19.2478753355941,13.9877272118621,13.9877272118621,-1.14844784307908,0.689190701515429,-1.66637164511043,0.0956394147781747,0.194274560639858
"YHR139C-A",120.717669254955,143.94872200614,103.403513455406,63.5082671197018,40.6635100286335,67.4444431546168,122.689968238834,57.2054067676507,89.9476875032423,89.9476875032423,1.10298831039311,0.279489012072098,3.94644605959886,7.93197810027193e-05,0.000478608661198147
"URA1",1596.92231042984,1233.56057608039,1630.73981311783,3150.21166268362,4071.89602695817,2729.05630851725,1487.07423320935,3317.05466605301,2402.06444963118,2402.06444963118,-1.15764745688386,0.157518838493482,-7.3492635417811,1.99301888104632e-13,5.66785164572968e-12
"QDR3",8576.70297754254,8446.99097883251,10139.2362551503,3025.21126390834,2873.24665179595,3084.8501825503,9054.31007050845,2994.43603275153,6024.37305162999,6024.37305162999,1.59650254386466,0.0935147641646849,17.0721977232721,2.39029981666343e-65,5.35041626704115e-63
"YML108W",211.543344218208,183.934478118957,255.188487334902,528.22749159879,527.701459689767,346.019317054121,216.888769890689,467.316089447559,342.102429669124,342.102429669124,-1.1066411040536,0.203755031916611,-5.43123324927995,5.59659258837585e-08,7.17832827555269e-07
"ILV3",20273.6702823037,17103.9071772573,18545.2778398141,8586.72094167651,9768.48411369673,9392.37180105381,18640.9517664584,9249.19228547568,13945.072025967,13945.072025967,1.01097196099692,0.0905260327550003,11.1677484390928,5.86487036938151e-29,3.91310918203253e-27
"DDR2",7154.53386451036,8243.06362265715,7879.53745651931,3615.93895489477,2940.71111161618,3002.74390392729,7759.04498122894,3186.46465681274,5472.75481902084,5472.75481902084,1.28417974163956,0.104110170272048,12.3348154967368,5.88235109954053e-35,4.97776027801363e-33
"GPG1",286.273329947466,309.889609874329,355.746032530068,699.599006048779,662.630379330232,567.901760475831,317.302990783954,643.377048618281,480.340019701117,480.340019701117,-1.01768923720842,0.141313071566174,-7.20166383710556,5.94821963091635e-13,1.59366910506814e-11
"REI1",790.988156641993,619.779219748658,1023.59991759985,1841.73974647135,1776.25605170531,1252.12074900093,811.4557646635,1623.37218239253,1217.41397352802,1217.41397352802,-1.00003803491528,0.191025914720827,-5.23509093714732,1.64903653808289e-07,1.88822847157709e-06
"YRO2",1135.89578308472,1192.57517606476,1460.93037359014,4015.13377679004,3149.57368585416,2981.23987857364,1263.13377757987,3381.98244707261,2322.55811232624,2322.55811232624,-1.42014814330431,0.139291571745881,-10.1955066304742,2.07658969369037e-24,1.12573874097793e-22
"PUT4",4550.48128486775,5090.18675316156,6513.47269160385,1372.98825106403,1061.87211415682,1572.72621790983,5384.71357654439,1335.86219437689,3360.28788546064,3360.28788546064,2.01148487698062,0.161414753816447,12.4615924469209,1.20931422473596e-35,1.07582453915934e-33
"DIP5",2981.15158455333,2441.13041068746,3410.41863185492,902.220620192589,839.146979681801,816.175507740652,2944.23354236523,852.514369205014,1898.37395578512,1898.37395578512,1.78830410724527,0.128563659016832,13.9098725170162,5.51777083536938e-44,6.48945963163188e-42
"HOM2",33922.8147527306,32977.2527101427,31470.7170217399,13392.1798204006,13303.4369741404,14716.572987477,32790.2614948711,13804.0632606727,23297.1623777719,23297.1623777719,1.24815597392338,0.073291017015689,17.030135816729,4.90901597602614e-65,1.06448943305142e-62
"YPL264C",1295.70298333652,1344.52104929346,1131.74671148899,470.767630871441,478.720413518913,516.096608487502,1257.32358137299,488.528217625952,872.925899499471,872.925899499471,1.36339175837821,0.110891441072747,12.2948330835001,9.65560083982253e-35,7.88237814441512e-33
"PAU11",20.6944575865638,24.9910975705104,19.9217778216838,12.0968127847051,12.0142188720963,5.86473418735798,21.8691109929193,9.99192194805312,15.9305164704862,15.9305164704862,1.12952390356802,0.556842319101186,2.02844479455372,0.0425148722407469,0.101692760592397
"ICY2",3450.22595651544,3854.62688927552,3672.24771179705,700.607073780838,754.123276894658,729.181950628176,3659.033519196,727.970767101224,2193.50214314861,2193.50214314861,2.32940221811562,0.0861658712062882,27.0339310158988,5.90169206444891e-161,1.36506137450703e-157
"YML089C",4.59876835256973,2.99893170846125,2.84596826024054,0,0,0,3.48122277375717,0,1.74061138687859,1.74061138687859,4.28321642385653,1.96804163371574,2.1763850675098,0.0295264794166084,0.0749942315782744
"tD(GUC)G2",9.19753670513946,8.99679512538374,17.0758095614432,6.04840639235255,2.77251204740683,4.88727848946498,11.7567137973221,4.56939897640812,8.16305638686514,8.16305638686514,1.37577874967347,0.786544167567676,1.74914366719921,0.0802661886794454,0.169136678787328
"VHT1",4913.78398472076,5198.14829466616,5058.23425453419,2256.0555843475,2406.54045714913,2479.80510555453,5056.7221779737,2380.80038235039,3718.76128016205,3718.76128016205,1.08675212797697,0.0741927719356563,14.6476819725709,1.39390576720061e-48,1.9739412486949e-46
"SAM4",17002.7962915384,17270.8477090283,17322.4601439974,8471.80122022181,8240.82997557557,8720.85973660132,17198.7013815214,8477.83031079957,12838.2658461605,12838.2658461605,1.02058646043365,0.0603079938435473,16.9229051638044,3.0500717989357e-64,6.22483770965142e-62
"PAU14",22.9938417628486,29.9893170846125,20.8704339084306,13.1048805167639,5.54502409481366,12.706924072609,24.6178642519639,10.4522762280622,17.535070240013,17.535070240013,1.24226314497439,0.553796294609239,2.24317706179478,0.0248853988639961,0.06523603427173
"YIL175W",27.5926101154184,12.9953707366654,20.8704339084306,11.0887450526464,6.4691947772826,10.752012676823,20.4861382535048,9.43665083558397,14.9613945445444,14.9613945445444,1.11717564486725,0.594299631742657,1.87981884086209,0.0601327717865111,0.134513637468279
"ICY1",4968.96920495159,4940.2401677385,4885.57884674626,1788.31215667224,1788.27027057741,2047.76968708583,4931.59607314545,1874.78403811182,3403.19005562864,3403.19005562864,1.3953508349254,0.0829375061464668,16.8241233641777,1.62448361720588e-63,3.22065480565474e-61
"TRP4",6756.74040201307,6630.63800740782,6706.99853330021,2511.09672055837,2532.22766996491,2594.16742220801,6698.1256475737,2545.83060424376,4621.97812590873,4621.97812590873,1.39558090119556,0.0633849576332043,22.0175409640801,1.9559319869472e-107,1.35722120574266e-104
"ADE17",12577.6314442782,5998.86306082532,7657.55193222055,22503.0959827477,28750.0257609264,25372.7950059064,8744.68214577469,25541.9722498602,17143.3271978174,17143.3271978174,-1.54644216173401,0.341403278798441,-4.52966405939822,5.90775455244929e-06,4.86285988605524e-05
"PAU1",22.9938417628486,29.9893170846125,21.8190899951775,13.1048805167639,5.54502409481366,12.706924072609,24.9340829475462,10.4522762280622,17.6931795878042,17.6931795878042,1.26106397609749,0.550101223779014,2.29242168820202,0.0218813217059242,0.0584759172857791
"ARG5,6",6660.16626660911,6376.72845609143,6799.01817371465,1524.19841087284,1597.8911099888,1558.06438244144,6611.97096547173,1560.05130110103,4086.01113328638,4086.01113328638,2.08333376365868,0.0706368853969132,29.4935677295552,3.48119001189131e-191,2.41559774925138e-187
"YER068C-A",305.818095445887,232.917029357157,351.95140818308,31.2500996938215,38.8151686636956,57.6698861756868,296.895510995375,42.5783848444013,169.736947919888,169.736947919888,2.80135786689358,0.264386998588395,10.5956718062934,3.12092010111992e-26,1.8831360505801e-24
"GTO3",1308.34959630609,1422.49327371345,1187.71742060705,535.283965723201,639.526112268509,690.083722712456,1306.1867635422,621.631266901389,963.909015221793,963.909015221793,1.07069291279616,0.126403506244581,8.47043681465966,2.44474501529928e-17,9.53038520289985e-16
"YIL012W",48.2870677019822,48.9825512382004,32.2543069493928,9.07260958852883,24.9526084266615,20.5265696557529,43.1746419631918,18.1839292236477,30.6792855934198,30.6792855934198,1.2396732308505,0.465247110501194,2.66454794209264,0.00770918768480687,0.0249855457005488
"YML007C-A",31.0416863798457,49.9821951410208,25.6137143421649,14.1129482488226,15.710901601972,11.729468374716,35.5458652876771,13.8511060751702,24.6984856814237,24.6984856814237,1.3588192153338,0.479782605823519,2.832156061601,0.00462352766377404,0.0163637436286678
"HAS1",1404.92373171005,970.654229638624,1667.73740050096,2903.23506832923,3238.29407137118,2264.76485201807,1347.77178728321,2802.09799723949,2074.93489226135,2074.93489226135,-1.05589897544286,0.186004105088832,-5.67675092406471,1.37277130478428e-08,2.0011890932559e-07
"LYS2",18539.9346133849,17174.8818943576,18715.0872793418,4480.86106900118,4826.94347453529,5240.13999640435,18143.3012623614,4849.31484664694,11496.3080545042,11496.3080545042,1.90353516604668,0.0838307001033485,22.7068981136977,3.82936638613602e-114,3.79599619334254e-111
"CYC8",4.59876835256973,4.99821951410208,0,0,0,0,3.19899595555727,0,1.59949797777863,1.59949797777863,4.16004573008186,2.41063095665618,1.725708250197,0.0843999130472045,0.176294700973676
"YDL183C",984.136427449922,871.689483259403,958.142647614316,467.743427675264,385.379174589549,370.455709501446,937.989519441213,407.85943725542,672.924478348317,672.924478348317,1.20192569570099,0.126512114276666,9.50047908512962,2.08926857875027e-21,9.72982192479737e-20
"YMC1",2891.47560167822,2591.07699611052,2857.3521332815,1149.19721454699,1218.05695949407,1399.71655938277,2779.96824369008,1255.65691114127,2017.81257741568,2017.81257741568,1.14646965473755,0.10223159357836,11.214435915633,3.46387805112585e-29,2.33357765017109e-27
"RCK1",1145.09331978986,1002.64283452888,1214.27979103596,319.557471062627,274.478692693276,267.822861222681,1120.6719817849,287.286341659528,703.979161722215,703.979161722215,1.96458908102756,0.128107118098253,15.3355185113196,4.42723460089997e-53,7.14432113852207e-51
"YGR022C",73.5802936411157,87.9686634481966,90.1223282409505,32.2581674258803,65.616118455295,27.3687595410039,83.8904284434209,41.7476818073931,62.819055125407,62.819055125407,1.00396200011201,0.365699714878087,2.74531797337249,0.00604522931417862,0.0203334203640744
"ARG2",1882.04594828916,2010.28388857186,1917.23395131538,886.091536479649,851.161198553897,921.740723113096,1936.52126272547,886.331152715547,1411.42620772051,1411.42620772051,1.12794577104066,0.0848568089394679,13.2923425372415,2.5642277697701e-40,2.82431372927535e-38
"ILV6",11913.1094173319,10676.196882122,11287.110120114,4951.62869987262,5088.483777674,6488.35092261371,11292.1388065226,5509.48780005345,8400.81330328804,8400.81330328804,1.03529954510942,0.113365766964392,9.13238248928011,6.70080981452032e-20,2.8525717363777e-18
"LYS9",15708.2430002901,17076.9167918812,21355.1971687583,6737.92472108075,6101.37484565997,6894.9724929372,18046.7856536432,6578.0906865593,12312.4381701012,12312.4381701012,1.45611037261778,0.118431590725498,12.2949490393384,9.64175523258235e-35,7.88237814441512e-33
"YFL015W-A",14.9459971458516,13.9950146394858,14.2298413012027,3.02420319617628,0.924170682468944,4.88727848946498,14.39028436218,2.94521745603674,8.66775090910839,8.66775090910839,2.29824858303555,0.822600356640834,2.79388230807566,0.0052079428797328,0.0180238980760428
"snR61",12.6466129695668,7.99715122256333,16.1271534746964,42.3388447464679,25.8767791091304,27.3687595410039,12.2569725556088,31.8614611322007,22.0592168439048,22.0592168439048,-1.37405898356965,0.507915217991954,-2.70529201507684,0.00682443686276125,0.0225606323919487
"snR57",22.9938417628486,5.9978634169225,18.0244656481901,39.3146415502916,30.4976325214751,41.0531393115059,15.6720569426537,36.9551377944242,26.313597368539,26.313597368539,-1.24561725014123,0.513452212541171,-2.4259652986525,0.0152677300673623,0.0441428245572611
"ALB1",957.693509422646,568.797380704817,1057.75153672273,1782.26375027989,1993.43616208551,1456.40898986057,861.414142283399,1744.03630074199,1302.72522151269,1302.72522151269,-1.01781161264113,0.202200504856081,-5.03367493254074,4.81165324980049e-07,4.89561024932047e-06
"ROK1",651.875413976759,401.856848933807,652.675387681831,1106.85836980052,1443.55460601649,1081.06600186965,568.802550197466,1210.49299256222,889.647771379843,889.647771379843,-1.09024801743311,0.19015071260294,-5.73359943020403,9.83213831719912e-09,1.4703708573932e-07
"ATG1",1685.44860121681,1531.45445912088,1467.57096619737,560.48565902467,651.540331140605,727.22703923239,1561.49134217835,646.417676465888,1103.95450932212,1103.95450932212,1.27161994014777,0.120301068369055,10.5703129439112,4.09127110572224e-26,2.42643847885527e-24
"LTV1",718.55755508902,495.823375798926,895.531345889024,1454.64173736079,1747.60676054877,1041.96777395393,703.30409225899,1414.73875728783,1059.02142477341,1059.02142477341,-1.00822063079625,0.218404240034705,-4.6163052083423,3.90632331990914e-06,3.33495567435801e-05
"USV1",5269.03883995677,5269.12301176641,4157.95962821143,1601.81962624137,1659.81054571422,2058.52169976265,4898.7071599782,1773.38395723941,3336.04555860881,3336.04555860881,1.46575018164938,0.129890807478991,11.2844797110562,1.56565200853662e-29,1.07564943437976e-27
"YJR115W",427.685456788985,409.854000156371,326.337693840915,121.97619557911,170.971576256755,202.33332946385,387.95905026209,165.093700433238,276.526375347664,276.526375347664,1.23073372342431,0.206401846374946,5.96280384618545,2.47946004031715e-09,4.186124870988e-08
"MHT1",235.686878069199,220.921302523312,260.880423855383,508.066136957615,582.227529955434,458.426722311815,239.162868149298,516.240129741622,377.70149894546,377.70149894546,-1.10970503283314,0.148859256934829,-7.45472640185873,9.00545108313319e-14,2.62558088512022e-12
"ADE1",5190.85977796308,3802.64540632886,4241.44136384515,8487.93030393475,10356.256667747,9021.91609155236,4411.64884937903,9288.70102107803,6850.17493522853,6850.17493522853,-1.0744693543178,0.125776118513226,-8.54271356930778,1.31106088033225e-17,5.13980307831948e-16
"RRP12",1506.09663546659,1143.59262482656,1659.19949572024,2906.2592715254,3467.48840062348,2532.58771324075,1436.29625200446,2968.77846179654,2202.5373569005,2202.5373569005,-1.04759467859473,0.154326045789726,-6.78819102267484,1.13548246241278e-11,2.66186243468996e-10
"TRP2",11832.6309711619,10933.1053651469,11021.4864158249,4542.35320065677,4829.7159865827,4899.98541353759,11262.4075840446,4757.35153359235,8009.87955881845,8009.87955881845,1.24312538283698,0.0719554510050551,17.276319798894,7.0932059560744e-67,1.75784843318572e-64
"YDR445C",1.14969208814243,5.9978634169225,1.89731217349369,35.2823706220566,21.2559256967857,24.4363924473249,3.01495589285287,26.9915629220557,15.0032594074543,15.0032594074543,-3.14130200725916,0.739447903122153,-4.24817217547811,2.1552173355286e-05,0.000151366934121791
".",17.2453813221365,4.99821951410208,26.5623704289117,60.4840639235255,38.8151686636956,36.1658608220409,16.2686570883834,45.1550311364207,30.7118441124021,30.7118441124021,-1.46878311690918,0.547777660937588,-2.68134906121433,0.00733259851903651,0.0239665101853953
".",3212.23969426996,3391.79176226967,3594.4579126838,1158.26982413551,1140.42662216668,1517.01124312993,3399.49645640781,1271.90256314404,2335.69950977593,2335.69950977593,1.41857770074025,0.122560539963746,11.5745059638271,5.54899858619284e-31,4.05310538837812e-29
".",3.4490762644273,5.9978634169225,6.64059260722793,24.1936255694102,8.31753614222049,21.5040253536459,5.36251076285924,18.0050623550922,11.6837865589757,11.6837865589757,-1.73130885474813,0.725622650826347,-2.38596307981359,0.0170344610951339,0.0476237411519477
".",283.973945771181,347.876078181505,345.310815575852,169.355378985872,176.516600351568,135.866342007127,325.720279842846,160.579440448189,243.149860145517,243.149860145517,1.02146239085921,0.174529009590228,5.85267969638671,4.83715156122326e-09,7.66324079528041e-08
".",8.04784461699703,10.9960829310246,1.89731217349369,0,0,0.977455697892997,6.9804132405051,0.325818565964332,3.65311590323472,3.65311590323472,4.32522098608714,1.65353727462413,2.61573842480831,0.00890347361147792,0.0280951356935176
".",0,0,1.89731217349369,11.0887450526464,5.54502409481366,5.86473418735798,0.632437391164565,7.499501111606,4.06596925138528,4.06596925138528,-3.48708590123641,1.4604649224621,-2.38765467599028,0.0169562658577277,0.0474715177617864
".",501.2657504301,687.755005140446,903.120594582998,145.161753416461,249.526084266615,125.114329330304,697.380450051182,173.26738900446,435.323919527821,435.323919527821,2.00826127653642,0.265798346930948,7.55558226649975,4.16990156925568e-14,1.26353480301595e-12
".",218.441496747062,486.826580673543,258.034455595142,58.467928459408,121.990530085901,77.2190001335467,321.100844338582,85.8924862262851,203.496665282434,203.496665282434,1.90102472284329,0.333380097514992,5.70227418197273,1.18219469190519e-08,1.74465759656998e-07
".",1.14969208814243,0,0,2.01613546411752,8.31753614222049,3.90982279157199,0.383230696047477,4.74783146597,2.56553108100874,2.56553108100874,-3.69104372975026,1.74961231444537,-2.10963520276794,0.0348897897204044,0.0862180380590762
".",725.455707617875,728.740405156083,517.966223363779,258.065339407042,277.251204740683,294.214165065792,657.387445379245,276.510236404506,466.948840891876,466.948840891876,1.24816239784288,0.163016099990012,7.65668175057156,1.90798664830949e-14,5.85819440381396e-13
".",267.878256537187,230.917741551516,231.472085166231,100.806773205876,131.23223691059,123.159417934518,243.422694418311,118.399476016994,180.911085217653,180.911085217653,1.03671153541166,0.184996858395335,5.60394130151243,2.09531692132635e-08,2.89629564085329e-07
".",18.3950734102789,18.9932341535879,44.5868360771018,13.1048805167639,12.9383895545652,7.81964558314397,27.3250478803229,11.287638551491,19.3063432159069,19.3063432159069,1.2814758710909,0.580816779902557,2.20633410643869,0.0273606150129994,0.0704211081510396
".",25.2932259391335,15.9943024451267,18.0244656481901,56.4517929952905,36.0426566162888,29.3236709367899,19.7706646774834,40.6060401827897,30.1883524301366,30.1883524301366,-1.04377550201347,0.4450275625421,-2.34541765469802,0.019005776310221,0.051942135414188
".",14.9459971458516,0,0,0,0,0,4.98199904861721,0,2.4909995243086,2.4909995243086,4.79634364482848,2.66641263998938,1.79880022052685,0.0720502884499315,0.155472637960337
".",102.322595844676,72.9740049058904,36.997587383127,234.879781569691,303.127983849813,237.521734587998,70.764729377898,258.509833335834,164.637281356866,164.637281356866,-1.87803988237236,0.305307312751074,-6.15130985710643,7.68456170892896e-10,1.41440779040472e-08
".",892.161060398527,1360.51535173859,852.841821985416,344.759164364096,362.274907527826,450.607076728671,1035.17274470751,385.880382873531,710.52656379052,710.52656379052,1.42385908160514,0.190781915999263,7.4632811718415,8.4393985871906e-14,2.48139774561507e-12
".",0,0,0,0,621.04269861913,545.420279424292,0,388.820992681141,194.41049634057,194.41049634057,-11.0039137019525,3.90698075036456,-2.81647502382132,0.00485538180234052,0.0170233885198455
".",182.801042014647,162.941956159728,143.247069098774,82.6615540288182,57.2985823130745,65.4895317588308,162.996689091049,68.4832227002412,115.739955895645,115.739955895645,1.2514438782965,0.233900184011705,5.35033302168702,8.77925248729304e-08,1.0820467674836e-06
".",10849.6442358001,10793.155218752,12103.903010803,5131.06475617908,4594.97663323559,4866.75191980923,11248.9008217851,4864.26443640797,8056.58262909652,8056.58262909652,1.20966432708908,0.082378682063829,14.6841913075498,8.13995327497702e-49,1.20176884627799e-46
".",6.89815252885459,9.99643902820416,18.0244656481901,47.3791834067617,20.3317550143168,39.0982279157199,11.6396857350829,35.6030554455994,23.6213705903412,23.6213705903412,-1.59630303425204,0.554286720459732,-2.8799229267626,0.00397772397733271,0.014459735509923
".",117.268592990528,121.956556144091,103.403513455406,39.3146415502916,58.2227529955434,61.5797089672588,114.209554196675,53.0390345043646,83.6242943505198,83.6242943505198,1.10360817563947,0.265337526457231,4.15926156535327,3.1927811341387e-05,0.000213848535615719
".",73.5802936411157,76.972580517172,62.6113017252919,56.4517929952905,29.5734618390062,18.5716582599669,71.0547252945265,34.8656376980879,52.9601814963072,52.9601814963072,1.02940970768935,0.405213657601829,2.54041217115359,0.0110721898926499,0.0339354795340539
".",14.9459971458516,41.9850439184575,12.332529127709,14.1129482488226,6.4691947772826,8.79710128103697,23.0878567306727,9.79308143571407,16.4404690831934,16.4404690831934,1.24366561026182,0.672677352591229,1.84882931686503,0.0644824626655705,0.142000573924593
".",647.276645624189,1034.63143941913,709.594752886642,331.654283847332,260.616132456242,279.552329597397,797.167612643321,290.60758196699,543.887597305155,543.887597305155,1.45695620209699,0.189813773399388,7.67571381151255,1.64500021449781e-14,5.09582878946443e-13
".",125.316437607525,122.956200046911,155.579598226483,415.323905608209,240.284377441925,153.4605445692,134.617411960306,269.689609206445,202.153510583376,202.153510583376,-1.00095689638749,0.313216262216772,-3.19573731358414,0.00139474031109197,0.00586811454198053
".",3774.4391253716,4222.49584551344,3477.77321401394,1572.58566201166,1377.01431687873,1628.44119268973,3824.90272829966,1526.01372386004,2675.45822607985,2675.45822607985,1.32584587748927,0.106233420374245,12.4804969360725,9.53894440924023e-36,8.59619938385947e-34
".",250.63287521505,206.926287883826,236.215365599965,113.91165372264,104.431287118991,88.9484685082627,231.258176232947,102.430469783298,166.844323008122,166.844323008122,1.1742531790655,0.191040987199796,6.14660338745758,7.91597329025542e-10,1.44931236572777e-08
".",22.9938417628486,20.9925219592287,0,3.02420319617628,2.77251204740683,0,14.6621212406925,1.9322384145277,8.29717982761008,8.29717982761008,2.91851246421297,1.33910157862377,2.17945562218842,0.0292978379554089,0.0745499441043573
".",1.14969208814243,0.999643902820416,0.948656086746847,1.00806773205876,0.924170682468944,28.3462152388969,1.03266402590323,10.0928178844749,5.56274095518905,5.56274095518905,-3.29260714770891,1.52577134236418,-2.15799514402139,0.0309282093462587,0.0780403071467961
".",255.23164356762,254.909195219206,224.831492559003,114.919721454699,105.35545780146,127.06924072609,244.990777115276,115.781473327416,180.386125221346,180.386125221346,1.08110217320279,0.177068499867537,6.10555900124277,1.02441502104615e-09,1.8463417742959e-08
".",695.563713326171,767.72651736608,757.027557223984,299.396116421451,243.056889489332,267.822861222681,740.105929305412,270.091955711155,505.098942508283,505.098942508283,1.45611375706652,0.127217178129411,11.4458894504427,2.46562536241309e-30,1.76381179276128e-28
".",687.515868709174,766.726873463259,823.433483296263,283.267032708511,217.180110380202,295.191620763685,759.225408489566,265.212921284133,512.219164886849,512.219164886849,1.51939203473264,0.149699743637726,10.1495967715855,3.32735342716378e-24,1.74912919932496e-22
".",438.032685582267,528.811624592,505.63369423607,158.266633933225,162.654040114534,208.198063651208,490.826001470112,176.372912566323,333.599457018217,333.599457018217,1.47772112271476,0.162135097984067,9.11413470055684,7.93007440067189e-20,3.35529184550379e-18
".",662.222642770041,752.731858823773,766.514118091452,390.12221230674,241.208548124394,412.486304510845,727.156206561756,347.939021647326,537.547614104541,537.547614104541,1.06489748221603,0.189705919060156,5.61341199838023,1.98375510718044e-08,2.75857248271044e-07
".",0,9.99643902820416,3.79462434698739,13.1048805167639,18.4834136493789,21.5040253536459,4.59702112506385,17.6974398399296,11.1472304824967,11.1472304824967,-1.92238803927441,0.850879556390711,-2.25929513153291,0.0238650325573944,0.0628938324784505
".",12.6466129695668,12.9953707366654,45.5354921638487,55.4437252632318,53.6018995831987,51.8051519883288,23.7258252900269,53.6169256115864,38.6713754508067,38.6713754508067,-1.16425165734499,0.504782231876404,-2.30644342019958,0.0210858681805837,0.0566453113840769
".",29.8919942917032,10.9960829310246,46.4841482505955,64.5163348517606,85.0237027871428,49.8502405925428,29.1240751577744,66.4634260771487,47.7937506174616,47.7937506174616,-1.18850064911353,0.473544636403192,-2.5097964537003,0.0120800770526223,0.0365882386155156
".",7247.65892364989,7868.19715909949,7060.84725365678,3758.07650511505,2690.26085666709,2962.66822031367,7392.23444546872,3137.00186069861,5264.61815308367,5264.61815308367,1.23681632538092,0.123644691564461,10.0029876716229,1.47867284831479e-23,7.48942401055204e-22
".",16.0956892339941,8.99679512538374,26.5623704289117,55.4437252632318,44.3601927585093,30.3011266346829,17.2182849294298,43.368348218808,30.2933165741189,30.2933165741189,-1.32669035636895,0.491729012597068,-2.69801114512652,0.00697551052736099,0.0229725047695102
".",1595.7726183417,1835.34620557828,1646.86696659253,914.317432977295,649.691989775667,890.46214078052,1692.66193017084,818.157187844494,1255.40955900766,1255.40955900766,1.04959337071838,0.139338311240514,7.53269765776524,4.97026060028745e-14,1.49301464525518e-12
".",0,0,0,10.0806773205876,1.84834136493789,2.93236709367899,0,4.95379525973482,2.47689762986741,2.47689762986741,-4.70579407202621,1.88078513617144,-2.50203703842822,0.0123481005844264,0.0372213162273391
